codprov,depto,coddepto,circuito,mesa,electores,blancos,nulos,0003,0014,0036,0167,0181,0193,0501
07,Rawson,001,0001 ,0001,312,1,2,18,NA,NA,NA,NA,NA,132
07,Rawson,001,0001 ,0002,312,12,2,40,NA,NA,NA,NA,NA,118
07,Rawson,001,0001 ,0003,312,7,9,31,NA,NA,NA,NA,NA,121
07,Rawson,001,0001 ,0004,312,1,3,13,NA,NA,NA,NA,NA,127
07,Rawson,001,0001 ,0005,312,10,4,27,NA,NA,NA,NA,NA,139
07,Rawson,001,0001 ,0006,312,0,18,27,NA,NA,NA,NA,NA,131
07,Rawson,001,0001 ,0007,311,11,3,24,NA,NA,NA,NA,NA,118
07,Rawson,001,0001 ,0008,311,0,4,27,NA,NA,NA,NA,NA,116
07,Rawson,001,0002 ,0009,343,14,5,42,NA,NA,NA,NA,NA,126
07,Rawson,001,0002 ,0010,343,0,0,32,NA,NA,NA,NA,NA,144
07,Rawson,001,0002 ,0011,343,19,0,28,NA,NA,NA,NA,NA,99
07,Rawson,001,0002 ,0012,342,16,4,41,NA,NA,NA,NA,NA,121
07,Rawson,001,0002 ,0013,342,0,0,31,NA,NA,NA,NA,NA,129
07,Rawson,001,0002 ,0014,342,19,0,30,NA,NA,NA,NA,NA,125
07,Rawson,001,0002 ,0015,342,0,18,34,NA,NA,NA,NA,NA,134
07,Rawson,001,0002 ,0016,342,18,4,37,NA,NA,NA,NA,NA,137
07,Rawson,001,0002 ,0017,342,11,8,37,NA,NA,NA,NA,NA,134
07,Rawson,001,0002 ,0018,342,17,0,44,NA,NA,NA,NA,NA,114
07,Rawson,001,0003 ,0019,348,3,5,41,NA,NA,NA,NA,NA,0
07,Rawson,001,0003 ,0020,348,22,6,49,NA,NA,NA,NA,NA,134
07,Rawson,001,0003 ,0021,348,12,4,38,NA,NA,NA,NA,NA,140
07,Rawson,001,0003 ,0022,348,11,9,37,NA,NA,NA,NA,NA,141
07,Rawson,001,0003 ,0023,348,18,0,53,NA,NA,NA,NA,NA,116
07,Rawson,001,0003 ,0024,348,11,6,41,NA,NA,NA,NA,NA,138
07,Rawson,001,0003 ,0025,348,20,5,33,NA,NA,NA,NA,NA,147
07,Rawson,001,0003 ,0026,348,20,3,41,NA,NA,NA,NA,NA,144
07,Rawson,001,0003 ,0027,348,14,9,50,NA,NA,NA,NA,NA,140
07,Rawson,001,0003 ,0028,348,20,8,34,NA,NA,NA,NA,NA,129
07,Rawson,001,0003 ,0029,348,10,6,37,NA,NA,NA,NA,NA,136
07,Rawson,001,0003 ,0030,348,15,5,45,NA,NA,NA,NA,NA,151
07,Rawson,001,0003 ,0031,348,0,0,44,NA,NA,NA,NA,NA,123
07,Rawson,001,0003 ,0032,348,2,4,33,NA,NA,NA,NA,NA,143
07,Rawson,001,0003 ,0033,348,14,5,47,NA,NA,NA,NA,NA,137
07,Rawson,001,0003 ,0034,348,17,3,46,NA,NA,NA,NA,NA,124
07,Rawson,001,0003 ,0035,348,19,6,38,NA,NA,NA,NA,NA,129
07,Rawson,001,0003 ,0036,348,10,6,34,NA,NA,NA,NA,NA,138
07,Rawson,001,0003 ,0037,348,13,6,39,NA,NA,NA,NA,NA,134
07,Rawson,001,0003 ,0038,348,17,3,37,NA,NA,NA,NA,NA,152
07,Rawson,001,0003 ,0039,348,18,1,39,NA,NA,NA,NA,NA,151
07,Rawson,001,0003 ,0040,348,3,5,36,NA,NA,NA,NA,NA,148
07,Rawson,001,0003 ,0041,348,2,4,41,NA,NA,NA,NA,NA,138
07,Rawson,001,0003 ,0042,348,13,4,36,NA,NA,NA,NA,NA,135
07,Rawson,001,0003 ,0043,348,21,0,28,NA,NA,NA,NA,NA,140
07,Rawson,001,0003 ,0044,348,17,9,30,NA,NA,NA,NA,NA,151
07,Rawson,001,0003 ,0045,348,29,4,37,NA,NA,NA,NA,NA,138
07,Rawson,001,0003 ,0046,348,17,6,30,NA,NA,NA,NA,NA,139
07,Rawson,001,0003 ,0047,348,1,4,40,NA,NA,NA,NA,NA,144
07,Rawson,001,0003 ,0048,348,1,4,44,NA,NA,NA,NA,NA,140
07,Rawson,001,0003 ,0049,348,18,7,32,NA,NA,NA,NA,NA,145
07,Rawson,001,0003 ,0050,347,16,9,41,NA,NA,NA,NA,NA,132
07,Rawson,001,0003 ,0051,347,16,2,53,NA,NA,NA,NA,NA,146
07,Rawson,001,0003 ,0052,347,15,10,36,NA,NA,NA,NA,NA,127
07,Rawson,001,0004 ,0053,303,5,6,16,NA,NA,NA,NA,NA,136
07,Rawson,001,0004 ,0054,303,0,0,22,NA,NA,NA,NA,NA,122
07,Rawson,001,0004 ,0055,303,2,5,25,NA,NA,NA,NA,NA,123
07,Rawson,001,0004 ,0056,303,15,5,33,NA,NA,NA,NA,NA,123
07,Rawson,001,0004 ,0057,303,14,7,16,NA,NA,NA,NA,NA,123
07,Rawson,001,0005 ,0058,334,16,5,44,NA,NA,NA,NA,NA,128
07,Rawson,001,0005 ,0059,334,22,4,60,NA,NA,NA,NA,NA,104
07,Rawson,001,0005 ,0060,334,21,3,42,NA,NA,NA,NA,NA,124
07,Rawson,001,0005 ,0061,333,20,0,51,NA,NA,NA,NA,NA,107
07,Rawson,001,0005 ,0062,333,18,4,50,NA,NA,NA,NA,NA,99
07,Rawson,001,0005 ,0063,333,17,2,71,NA,NA,NA,NA,NA,95
07,Rawson,001,0005 ,0064,333,27,4,47,NA,NA,NA,NA,NA,105
07,Rawson,001,0005 ,0065,333,12,3,41,NA,NA,NA,NA,NA,124
07,Rawson,001,0005 ,0066,333,23,0,53,NA,NA,NA,NA,NA,102
07,Rawson,001,0005 ,0067,333,13,8,41,NA,NA,NA,NA,NA,102
07,Rawson,001,0005 ,0068,333,0,1,47,NA,NA,NA,NA,NA,99
07,Rawson,001,0005 ,0069,333,21,5,49,NA,NA,NA,NA,NA,95
07,Rawson,001,0006 ,0070,324,8,9,26,NA,NA,NA,NA,NA,135
07,Rawson,001,0006 ,0071,324,13,9,16,NA,NA,NA,NA,NA,140
07,Rawson,001,0006 ,0072,324,0,0,28,NA,NA,NA,NA,NA,139
07,Rawson,001,0006 ,0073,324,6,2,33,NA,NA,NA,NA,NA,118
07,Rawson,001,0006 ,0074,324,4,13,17,NA,NA,NA,NA,NA,135
07,Rawson,001,0006 ,0075,324,8,6,24,NA,NA,NA,NA,NA,135
07,Rawson,001,0006 ,0076,324,97,8,14,NA,NA,NA,NA,NA,135
07,Rawson,001,0006 ,0077,324,1,8,23,NA,NA,NA,NA,NA,147
07,Rawson,001,0006 ,0078,324,21,3,14,NA,NA,NA,NA,NA,152
07,Rawson,001,0006 ,0079,323,12,3,23,NA,NA,NA,NA,NA,153
07,Rawson,001,0006 ,0080,323,13,6,21,NA,NA,NA,NA,NA,128
07,Rawson,001,0007 ,0081,322,11,10,15,NA,NA,NA,NA,NA,129
07,Rawson,001,0007 ,0082,321,0,3,24,NA,NA,NA,NA,NA,134
07,Rawson,001,0007 ,0083,321,22,4,20,NA,NA,NA,NA,NA,111
07,Rawson,001,0007 ,0084,321,0,0,21,NA,NA,NA,NA,NA,112
07,Rawson,001,0007 ,0085,321,22,4,18,NA,NA,NA,NA,NA,131
07,Rawson,001,0007 ,0086,321,15,8,22,NA,NA,NA,NA,NA,118
07,Rawson,001,0007 ,0087,321,1,2,19,NA,NA,NA,NA,NA,126
07,Rawson,001,0007 ,0088,321,9,9,23,NA,NA,NA,NA,NA,122
07,Rawson,001,0007 ,0089,321,6,10,21,NA,NA,NA,NA,NA,120
07,Rawson,001,0007 ,0090,321,9,5,12,NA,NA,NA,NA,NA,136
07,Rawson,001,0007 ,0091,321,0,0,22,NA,NA,NA,NA,NA,120
07,Rawson,001,0008 ,0092,317,10,5,19,NA,NA,NA,NA,NA,120
07,Rawson,001,0008 ,0093,317,0,0,28,NA,NA,NA,NA,NA,130
07,Rawson,001,0008 ,0094,317,11,1,22,NA,NA,NA,NA,NA,134
07,Rawson,001,0008 ,0095,317,13,6,29,NA,NA,NA,NA,NA,120
07,Rawson,001,0008 ,0096,317,12,7,31,NA,NA,NA,NA,NA,125
07,Rawson,001,0008 ,0097,317,12,11,22,NA,NA,NA,NA,NA,127
07,Rawson,001,0008 ,0098,317,8,1,21,NA,NA,NA,NA,NA,124
07,Rawson,001,0008 ,0099,317,18,9,15,NA,NA,NA,NA,NA,137
07,Rawson,001,0008 ,0100,317,27,5,2,NA,NA,NA,NA,NA,138
07,Rawson,001,0008 ,0101,317,10,6,28,NA,NA,NA,NA,NA,125
07,Rawson,001,0009 ,0102,346,21,2,26,NA,NA,NA,NA,NA,132
07,Rawson,001,0009 ,0103,346,19,7,19,NA,NA,NA,NA,NA,0
07,Rawson,001,0009 ,0104,346,16,5,24,NA,NA,NA,NA,NA,127
07,Rawson,001,0009 ,0105,346,2,0,23,NA,NA,NA,NA,NA,139
07,Rawson,001,0009 ,0106,346,17,4,23,NA,NA,NA,NA,NA,125
07,Rawson,001,0009 ,0107,346,16,2,19,NA,NA,NA,NA,NA,148
07,Rawson,001,0009 ,0108,346,13,5,19,NA,NA,NA,NA,NA,148
07,Rawson,001,0009 ,0109,346,0,10,36,NA,NA,NA,NA,NA,129
07,Rawson,001,0009 ,0110,346,2,4,10,NA,NA,NA,NA,NA,129
07,Rawson,001,0009 ,0111,346,9,3,15,NA,NA,NA,NA,NA,144
07,Rawson,001,0009 ,0112,346,7,8,25,NA,NA,NA,NA,NA,129
07,Rawson,001,0009 ,0113,346,16,7,31,NA,NA,NA,NA,NA,120
07,Rawson,001,0009 ,0114,346,18,7,28,NA,NA,NA,NA,NA,145
07,Rawson,001,0009 ,0115,346,19,4,19,NA,NA,NA,NA,NA,126
07,Rawson,001,0009 ,0116,346,16,3,23,NA,NA,NA,NA,NA,145
07,Rawson,001,0009 ,0117,346,16,3,22,NA,NA,NA,NA,NA,170
07,Rawson,001,0009 ,0118,346,22,10,25,NA,NA,NA,NA,NA,134
07,Rawson,001,0009 ,0119,346,0,0,28,NA,NA,NA,NA,NA,116
07,Rawson,001,0009 ,0120,346,0,0,12,NA,NA,NA,NA,NA,0
07,Rawson,001,0009 ,0121,346,4,8,20,NA,NA,NA,NA,NA,142
07,Rawson,001,0009 ,0122,346,19,7,28,NA,NA,NA,NA,NA,111
07,Rawson,001,0009 ,0123,346,26,3,19,NA,NA,NA,NA,NA,134
07,Rawson,001,0009 ,0124,346,11,3,17,NA,NA,NA,NA,NA,131
07,Rawson,001,0009 ,0125,346,0,0,0,NA,NA,NA,NA,NA,0
07,Rawson,001,0009 ,0126,346,4,6,25,NA,NA,NA,NA,NA,145
07,Rawson,001,0009 ,0127,346,11,5,22,NA,NA,NA,NA,NA,136
07,Rawson,001,0009 ,0128,346,14,3,24,NA,NA,NA,NA,NA,128
07,Rawson,001,0009 ,0129,346,4,13,30,NA,NA,NA,NA,NA,135
07,Rawson,001,0009 ,0130,346,9,7,16,NA,NA,NA,NA,NA,125
07,Rawson,001,0009 ,0131,346,8,7,25,NA,NA,NA,NA,NA,109
07,Rawson,001,0009 ,0132,346,15,7,29,NA,NA,NA,NA,NA,131
07,Rawson,001,0009 ,0133,346,14,6,17,NA,NA,NA,NA,NA,122
07,Rawson,001,0009 ,0134,346,14,3,27,NA,NA,NA,NA,NA,142
07,Rawson,001,0009 ,0135,346,8,6,27,NA,NA,NA,NA,NA,125
07,Rawson,001,0009 ,0136,346,0,0,18,NA,NA,NA,NA,NA,131
07,Rawson,001,0009 ,0137,345,17,0,36,NA,NA,NA,NA,NA,128
07,Rawson,001,0009 ,0138,345,16,5,19,NA,NA,NA,NA,NA,130
07,Rawson,001,0010 ,0139,349,0,0,19,NA,NA,NA,NA,NA,136
07,Rawson,001,0010 ,0140,349,22,3,26,NA,NA,NA,NA,NA,141
07,Rawson,001,0010 ,0141,349,16,10,37,NA,NA,NA,NA,NA,119
07,Rawson,001,0010 ,0142,349,17,5,21,NA,NA,NA,NA,NA,140
07,Rawson,001,0010 ,0143,349,22,6,24,NA,NA,NA,NA,NA,120
07,Rawson,001,0010 ,0144,348,26,3,15,NA,NA,NA,NA,NA,131
07,Rawson,001,0010 ,0145,348,19,5,23,NA,NA,NA,NA,NA,127
07,Rawson,001,0010 ,0146,348,13,5,22,NA,NA,NA,NA,NA,135
07,Rawson,001,0010 ,0147,348,0,11,30,NA,NA,NA,NA,NA,134
07,Rawson,001,0010 ,0148,348,25,10,34,NA,NA,NA,NA,NA,114
07,Rawson,001,0010 ,0149,348,12,8,24,NA,NA,NA,NA,NA,140
07,Rawson,001,0010 ,0150,348,1,3,23,NA,NA,NA,NA,NA,147
07,Rawson,001,0010 ,0151,348,14,2,31,NA,NA,NA,NA,NA,134
07,Rawson,001,0011 ,0152,349,12,5,29,NA,NA,NA,NA,NA,125
07,Rawson,001,0011 ,0153,349,24,5,33,NA,NA,NA,NA,NA,125
07,Rawson,001,0011 ,0154,349,30,11,35,NA,NA,NA,NA,NA,122
07,Rawson,001,0011 ,0155,349,16,5,29,NA,NA,NA,NA,NA,114
07,Rawson,001,0011 ,0156,349,0,25,18,NA,NA,NA,NA,NA,130
07,Rawson,001,0011 ,0157,349,20,5,43,NA,NA,NA,NA,NA,129
07,Rawson,001,0011 ,0158,349,27,5,35,NA,NA,NA,NA,NA,122
07,Rawson,001,0011 ,0159,349,21,7,29,NA,NA,NA,NA,NA,123
07,Rawson,001,0011 ,0160,349,13,13,53,NA,NA,NA,NA,NA,128
07,Rawson,001,0011 ,0161,349,24,6,26,NA,NA,NA,NA,NA,105
07,Rawson,001,0011 ,0162,349,2,18,30,NA,NA,NA,NA,NA,128
07,Rawson,001,0012 ,0163,327,16,5,33,NA,NA,NA,NA,NA,84
07,Rawson,001,0012 ,0164,327,27,5,45,NA,NA,NA,NA,NA,84
07,Rawson,001,0012 ,0165,327,18,1,44,NA,NA,NA,NA,NA,73
07,Rawson,001,0012 ,0166,327,14,2,39,NA,NA,NA,NA,NA,96
07,Rawson,001,0012 ,0167,327,12,1,41,NA,NA,NA,NA,NA,86
07,Rawson,001,0012 ,0168,327,5,6,53,NA,NA,NA,NA,NA,77
07,Rawson,001,0012 ,0169,327,13,6,48,NA,NA,NA,NA,NA,92
07,Rawson,001,0012 ,0170,327,21,8,44,NA,NA,NA,NA,NA,85
07,Rawson,001,0012 ,0171,327,18,4,34,NA,NA,NA,NA,NA,88
07,Rawson,001,0012 ,0172,327,17,5,41,NA,NA,NA,NA,NA,80
07,Rawson,001,0012 ,0173,326,24,5,48,NA,NA,NA,NA,NA,76
07,Rawson,001,0012 ,0174,326,22,9,47,NA,NA,NA,NA,NA,89
07,Rawson,001,0012 ,0175,326,22,3,44,NA,NA,NA,NA,NA,71
07,Rawson,001,0013 ,0176,304,26,5,43,NA,NA,NA,NA,NA,65
07,Rawson,001,0013 ,0177,304,8,0,45,NA,NA,NA,NA,NA,2
07,Rawson,001,0013 ,0178,304,0,0,0,NA,NA,NA,NA,NA,67
07,Rawson,001,0013 ,0179,303,18,3,43,NA,NA,NA,NA,NA,68
07,Rawson,001,0013 ,0180,303,15,3,39,NA,NA,NA,NA,NA,69
07,Rawson,001,0013 ,0181,303,9,4,50,NA,NA,NA,NA,NA,64
07,Rawson,001,0013 ,0182,303,0,0,0,NA,NA,NA,NA,NA,0
07,Rawson,001,0014 ,0183,335,22,5,42,NA,NA,NA,NA,NA,91
07,Rawson,001,0014 ,0184,335,25,4,38,NA,NA,NA,NA,NA,98
07,Rawson,001,0014 ,0185,335,18,3,36,NA,NA,NA,NA,NA,87
07,Rawson,001,0014 ,0186,335,18,4,44,NA,NA,NA,NA,NA,72
07,Rawson,001,0014 ,0187,334,15,1,53,NA,NA,NA,NA,NA,83
07,Rawson,001,0014 ,0188,334,18,10,42,NA,NA,NA,NA,NA,92
07,Rawson,001,0014 ,0189,334,13,0,33,NA,NA,NA,NA,NA,90
07,Rawson,001,0014 ,0190,334,14,6,36,NA,NA,NA,NA,NA,99
07,Rawson,001,0014 ,0191,334,18,1,37,NA,NA,NA,NA,NA,90
07,Rawson,001,0014 ,0192,334,16,4,40,NA,NA,NA,NA,NA,93
07,Rawson,001,0015 ,0193,320,20,7,25,NA,NA,NA,NA,NA,0
07,Rawson,001,0015 ,0194,319,17,10,37,NA,NA,NA,NA,NA,106
07,Rawson,001,0015 ,0195,319,10,8,30,NA,NA,NA,NA,NA,107
07,Rawson,001,0015 ,0196,319,14,7,27,NA,NA,NA,NA,NA,119
07,Rawson,001,0015 ,0197,319,9,20,17,NA,NA,NA,NA,NA,107
07,Rawson,001,0016 ,0198,331,2,9,31,NA,NA,NA,NA,NA,108
07,Rawson,001,0016 ,0199,331,33,6,41,NA,NA,NA,NA,NA,97
07,Rawson,001,0016 ,0200,331,21,9,36,NA,NA,NA,NA,NA,110
07,Rawson,001,0016 ,0201,331,13,9,38,NA,NA,NA,NA,NA,99
07,Rawson,001,0016 ,0202,331,34,13,42,NA,NA,NA,NA,NA,80
07,Rawson,001,0016 ,0203,331,15,4,42,NA,NA,NA,NA,NA,114
07,Rawson,001,0016 ,0204,331,29,3,43,NA,NA,NA,NA,NA,111
07,Rawson,001,0016 ,0205,331,18,7,40,NA,NA,NA,NA,NA,94
07,Rawson,001,0016 ,0206,331,14,5,25,NA,NA,NA,NA,NA,124
07,Rawson,001,0016 ,0207,331,0,0,39,NA,NA,NA,NA,NA,109
07,Rawson,001,0016 ,0208,330,1,8,33,NA,NA,NA,NA,NA,87
07,Rawson,001,0016 ,0209,330,20,8,34,NA,NA,NA,NA,NA,111
07,Rawson,001,0016 ,0210,330,16,7,41,NA,NA,NA,NA,NA,109
07,Rawson,001,0016 ,0211,330,2,2,53,NA,NA,NA,NA,NA,96
07,Rawson,001,0017 ,0212,329,19,3,48,NA,NA,NA,NA,NA,85
07,Rawson,001,0017 ,0213,329,17,3,63,NA,NA,NA,NA,NA,65
07,Rawson,001,0017 ,0214,329,17,2,57,NA,NA,NA,NA,NA,62
07,Rawson,001,0017 ,0215,328,13,8,43,NA,NA,NA,NA,NA,70
07,Rawson,001,0017 ,0216,328,23,4,58,NA,NA,NA,NA,NA,81
07,Rawson,001,0017 ,0217,328,16,1,54,NA,NA,NA,NA,NA,67
07,Rawson,001,0017 ,0218,328,15,6,50,NA,NA,NA,NA,NA,55
07,Rawson,001,0017 ,0219,328,29,0,42,NA,NA,NA,NA,NA,73
07,Rawson,001,0018 ,0220,348,20,9,53,NA,NA,NA,NA,NA,80
07,Rawson,001,0018 ,0221,348,29,5,52,NA,NA,NA,NA,NA,80
07,Rawson,001,0018 ,0222,348,28,5,50,NA,NA,NA,NA,NA,93
07,Rawson,001,0018 ,0223,348,19,6,47,NA,NA,NA,NA,NA,85
07,Rawson,001,0018 ,0224,347,14,6,43,NA,NA,NA,NA,NA,84
07,Rawson,001,0018 ,0225,347,13,6,43,NA,NA,NA,NA,NA,100
07,Rawson,001,0018 ,0226,347,22,1,46,NA,NA,NA,NA,NA,94
07,Rawson,001,0018 ,0227,347,17,5,61,NA,NA,NA,NA,NA,92
07,Rawson,001,0018 ,0228,347,20,3,47,NA,NA,NA,NA,NA,82
07,Rawson,001,0018 ,0229,347,31,7,47,NA,NA,NA,NA,NA,76
07,Rawson,001,0018 ,0230,347,17,11,56,NA,NA,NA,NA,NA,72
07,Rawson,001,0018 ,0231,347,14,6,61,NA,NA,NA,NA,NA,90
07,Rawson,001,0019 ,0232,331,17,8,38,NA,NA,NA,NA,NA,101
07,Rawson,001,0019 ,0233,331,29,3,44,NA,NA,NA,NA,NA,96
07,Rawson,001,0019 ,0234,330,24,4,43,NA,NA,NA,NA,NA,98
07,Rawson,001,0019 ,0235,330,30,0,40,NA,NA,NA,NA,NA,96
07,Rawson,001,0019 ,0236,330,19,9,40,NA,NA,NA,NA,NA,102
07,Rawson,001,0019 ,0237,330,32,7,41,NA,NA,NA,NA,NA,86
07,Rawson,001,0019 ,0238,330,34,5,43,NA,NA,NA,NA,NA,88
07,Rawson,001,0020 ,0239,340,29,0,45,NA,NA,NA,NA,NA,85
07,Rawson,001,0020 ,0240,340,30,5,49,NA,NA,NA,NA,NA,81
07,Rawson,001,0020 ,0241,340,13,5,65,NA,NA,NA,NA,NA,79
07,Rawson,001,0020 ,0242,340,22,9,43,NA,NA,NA,NA,NA,87
07,Rawson,001,0020 ,0243,340,27,3,59,NA,NA,NA,NA,NA,79
07,Rawson,001,0020 ,0244,340,15,5,56,NA,NA,NA,NA,NA,91
07,Rawson,001,0020 ,0245,340,25,3,59,NA,NA,NA,NA,NA,78
07,Rawson,001,0020 ,0246,340,17,3,45,NA,NA,NA,NA,NA,81
07,Rawson,001,0020 ,0247,339,29,5,44,NA,NA,NA,NA,NA,76
07,Rawson,001,0020 ,0248,339,23,3,54,NA,NA,NA,NA,NA,86
07,Rawson,001,0020 ,0249,339,12,0,50,NA,NA,NA,NA,NA,93
07,Rawson,001,0021 ,0250,348,24,1,38,NA,NA,NA,NA,NA,93
07,Rawson,001,0021 ,0251,348,17,5,34,NA,NA,NA,NA,NA,118
07,Rawson,001,0021 ,0252,348,0,0,0,NA,NA,NA,NA,NA,98
07,Rawson,001,0021 ,0253,348,13,5,33,NA,NA,NA,NA,NA,113
07,Rawson,001,0021 ,0254,348,20,3,44,NA,NA,NA,NA,NA,105
07,Rawson,001,0021 ,0255,348,0,5,40,NA,NA,NA,NA,NA,126
07,Rawson,001,0021 ,0256,348,28,2,49,NA,NA,NA,NA,NA,95
07,Rawson,001,0021 ,0257,347,14,2,32,NA,NA,NA,NA,NA,128
07,Rawson,001,0021 ,0258,347,21,7,50,NA,NA,NA,NA,NA,91
07,Rawson,001,0022 ,0259,332,14,1,36,NA,NA,NA,NA,NA,90
07,Rawson,001,0023 ,0260,344,20,6,10,NA,NA,NA,NA,NA,152
07,Rawson,001,0023 ,0261,344,11,9,20,NA,NA,NA,NA,NA,131
07,Rawson,001,0023 ,0262,344,18,4,11,NA,NA,NA,NA,NA,147
07,Rawson,001,0023 ,0263,344,0,0,22,NA,NA,NA,NA,NA,0
07,Rawson,001,0023 ,0264,344,8,4,17,NA,NA,NA,NA,NA,151
07,Rawson,001,0023 ,0265,344,11,23,10,NA,NA,NA,NA,NA,155
07,Rawson,001,0023 ,0266,343,12,6,14,NA,NA,NA,NA,NA,162
07,Rawson,001,0023 ,0267,343,13,19,16,NA,NA,NA,NA,NA,152
07,Rawson,001,0023 ,0268,343,12,4,9,NA,NA,NA,NA,NA,149
07,Rawson,001,0023 ,0269,343,9,9,10,NA,NA,NA,NA,NA,147
07,Rawson,001,0023 ,0270,343,28,10,9,NA,NA,NA,NA,NA,146
07,Rawson,001,0023 ,0271,343,17,10,9,NA,NA,NA,NA,NA,159
07,Rawson,001,0023 ,0272,343,12,5,14,NA,NA,NA,NA,NA,153
07,Rawson,001,0023 ,0273,343,14,8,14,NA,NA,NA,NA,NA,154
07,Rawson,001,0024 ,0274,188,11,1,35,NA,NA,NA,NA,NA,45
07,Rawson,001,0025 ,0275,332,24,6,41,NA,NA,NA,NA,NA,111
07,Rawson,001,0025 ,0276,332,16,6,44,NA,NA,NA,NA,NA,127
07,Rawson,001,0025 ,0277,332,16,5,44,NA,NA,NA,NA,NA,109
07,Rawson,001,0025 ,0278,332,8,11,39,NA,NA,NA,NA,NA,121
07,Rawson,001,0025 ,0279,332,22,5,39,NA,NA,NA,NA,NA,115
07,Rawson,001,0025 ,0280,332,23,5,27,NA,NA,NA,NA,NA,130
07,Rawson,001,0025 ,0281,332,25,8,26,NA,NA,NA,NA,NA,122
07,Rawson,001,0025 ,0282,332,24,7,48,NA,NA,NA,NA,NA,110
07,Rawson,001,0025 ,0283,332,20,5,32,NA,NA,NA,NA,NA,111
07,Rawson,001,0025 ,0284,332,37,7,32,NA,NA,NA,NA,NA,127
07,Biedma,002,0026 ,0285,346,4,0,31,NA,NA,NA,NA,NA,80
07,Biedma,002,0026 ,0286,345,28,8,34,NA,NA,NA,NA,NA,95
07,Biedma,002,0026 ,0287,345,34,2,37,NA,NA,NA,NA,NA,104
07,Biedma,002,0026 ,0288,345,31,6,24,NA,NA,NA,NA,NA,92
07,Biedma,002,0026 ,0289,345,33,1,32,NA,NA,NA,NA,NA,95
07,Biedma,002,0026 ,0290,345,0,5,44,NA,NA,NA,NA,NA,84
07,Biedma,002,0026 ,0291,345,8,9,35,NA,NA,NA,NA,NA,92
07,Biedma,002,0026 ,0292,344,2,3,43,NA,NA,NA,NA,NA,74
07,Biedma,002,0026 ,0293,344,34,5,43,NA,NA,NA,NA,NA,72
07,Biedma,002,0026 ,0294,345,35,3,37,NA,NA,NA,NA,NA,80
07,Biedma,002,0026 ,0295,345,33,4,32,NA,NA,NA,NA,NA,95
07,Biedma,002,0026 ,0296,345,8,3,40,NA,NA,NA,NA,NA,83
07,Biedma,002,0026 ,0297,345,3,3,35,NA,NA,NA,NA,NA,78
07,Biedma,002,0026 ,0298,345,1,6,38,NA,NA,NA,NA,NA,91
07,Biedma,002,0026 ,0299,345,31,2,28,NA,NA,NA,NA,NA,100
07,Biedma,002,0026 ,0300,345,0,6,35,NA,NA,NA,NA,NA,75
07,Biedma,002,0026 ,0301,344,25,6,37,NA,NA,NA,NA,NA,81
07,Biedma,002,0026 ,0302,345,1,25,27,NA,NA,NA,NA,NA,93
07,Biedma,002,0026 ,0303,345,0,0,32,NA,NA,NA,NA,NA,101
07,Biedma,002,0026 ,0304,345,20,2,40,NA,NA,NA,NA,NA,82
07,Biedma,002,0026 ,0305,345,23,0,45,NA,NA,NA,NA,NA,94
07,Biedma,002,0026 ,0306,345,29,1,27,NA,NA,NA,NA,NA,110
07,Biedma,002,0026 ,0307,344,24,3,41,NA,NA,NA,NA,NA,85
07,Biedma,002,0027 ,0308,335,29,4,26,NA,NA,NA,NA,NA,100
07,Biedma,002,0027 ,0309,335,19,8,30,NA,NA,NA,NA,NA,90
07,Biedma,002,0027 ,0310,335,0,3,32,NA,NA,NA,NA,NA,92
07,Biedma,002,0027 ,0311,335,8,6,39,NA,NA,NA,NA,NA,82
07,Biedma,002,0027 ,0312,335,23,1,32,NA,NA,NA,NA,NA,96
07,Biedma,002,0027 ,0313,335,20,8,38,NA,NA,NA,NA,NA,85
07,Biedma,002,0027 ,0314,335,20,7,31,NA,NA,NA,NA,NA,84
07,Biedma,002,0027 ,0315,335,0,0,36,NA,NA,NA,NA,NA,99
07,Biedma,002,0027 ,0316,335,28,1,31,NA,NA,NA,NA,NA,99
07,Biedma,002,0027 ,0317,335,24,2,45,NA,NA,NA,NA,NA,88
07,Biedma,002,0027 ,0318,335,27,7,30,NA,NA,NA,NA,NA,89
07,Biedma,002,0027 ,0319,335,21,6,32,NA,NA,NA,NA,NA,97
07,Biedma,002,0027 ,0320,334,18,1,34,NA,NA,NA,NA,NA,100
07,Biedma,002,0027 ,0321,334,23,6,30,NA,NA,NA,NA,NA,87
07,Biedma,002,0028 ,0322,344,20,8,12,NA,NA,NA,NA,NA,139
07,Biedma,002,0028 ,0323,343,33,7,23,NA,NA,NA,NA,NA,102
07,Biedma,002,0028 ,0324,343,16,19,15,NA,NA,NA,NA,NA,126
07,Biedma,002,0028 ,0325,343,21,6,17,NA,NA,NA,NA,NA,122
07,Biedma,002,0028 ,0326,343,24,8,20,NA,NA,NA,NA,NA,117
07,Biedma,002,0028 ,0327,343,21,11,25,NA,NA,NA,NA,NA,117
07,Biedma,002,0028 ,0328,343,22,8,14,NA,NA,NA,NA,NA,118
07,Biedma,002,0028 ,0329,343,31,10,18,NA,NA,NA,NA,NA,113
07,Biedma,002,0028 ,0330,343,32,3,16,NA,NA,NA,NA,NA,117
07,Biedma,002,0028 ,0331,343,5,4,23,NA,NA,NA,NA,NA,118
07,Biedma,002,0028 ,0332,343,31,10,24,NA,NA,NA,NA,NA,113
07,Biedma,002,0028 ,0333,343,29,0,28,NA,NA,NA,NA,NA,117
07,Biedma,002,0028 ,0334,343,18,7,24,NA,NA,NA,NA,NA,125
07,Biedma,002,0028 ,0335,343,19,4,23,NA,NA,NA,NA,NA,140
07,Biedma,002,0028 ,0336,342,26,12,21,NA,NA,NA,NA,NA,130
07,Biedma,002,0028 ,0337,343,25,2,21,NA,NA,NA,NA,NA,137
07,Biedma,002,0028 ,0338,343,13,4,8,NA,NA,NA,NA,NA,142
07,Biedma,002,0028 ,0339,343,22,18,22,NA,NA,NA,NA,NA,123
07,Biedma,002,0028 ,0340,343,37,0,15,NA,NA,NA,NA,NA,112
07,Biedma,002,0028 ,0341,343,37,14,27,NA,NA,NA,NA,NA,111
07,Biedma,002,0028 ,0342,343,25,7,15,NA,NA,NA,NA,NA,131
07,Biedma,002,0028 ,0343,343,0,0,23,NA,NA,NA,NA,NA,121
07,Biedma,002,0028 ,0344,343,1,11,29,NA,NA,NA,NA,NA,128
07,Biedma,002,0028 ,0345,343,2,6,13,NA,NA,NA,NA,NA,127
07,Biedma,002,0028 ,0346,343,23,6,8,NA,NA,NA,NA,NA,153
07,Biedma,002,0028 ,0347,343,18,3,10,NA,NA,NA,NA,NA,129
07,Biedma,002,0028 ,0348,343,3,3,19,NA,NA,NA,NA,NA,132
07,Biedma,002,0028 ,0349,343,21,5,16,NA,NA,NA,NA,NA,129
07,Biedma,002,0028 ,0350,343,25,8,15,NA,NA,NA,NA,NA,121
07,Biedma,002,0028 ,0351,343,24,9,21,NA,NA,NA,NA,NA,124
07,Biedma,002,0028 ,0352,343,20,8,14,NA,NA,NA,NA,NA,125
07,Biedma,002,0028 ,0353,343,24,9,10,NA,NA,NA,NA,NA,123
07,Biedma,002,0028 ,0354,343,4,4,18,NA,NA,NA,NA,NA,127
07,Biedma,002,0028 ,0355,343,16,8,16,NA,NA,NA,NA,NA,131
07,Biedma,002,0028 ,0356,343,21,4,20,NA,NA,NA,NA,NA,133
07,Biedma,002,0028 ,0357,343,16,7,27,NA,NA,NA,NA,NA,124
07,Biedma,002,0028 ,0358,342,26,5,24,NA,NA,NA,NA,NA,120
07,Biedma,002,0028 ,0359,343,36,7,24,NA,NA,NA,NA,NA,106
07,Biedma,002,0028 ,0360,343,1,14,13,NA,NA,NA,NA,NA,127
07,Biedma,002,0028 ,0361,343,29,4,16,NA,NA,NA,NA,NA,122
07,Biedma,002,0028 ,0362,343,34,13,31,NA,NA,NA,NA,NA,124
07,Biedma,002,0028 ,0363,343,32,5,21,NA,NA,NA,NA,NA,136
07,Biedma,002,0029 ,0364,340,26,10,26,NA,NA,NA,NA,NA,115
07,Biedma,002,0029 ,0365,339,28,3,29,NA,NA,NA,NA,NA,100
07,Biedma,002,0029 ,0366,339,17,8,23,NA,NA,NA,NA,NA,101
07,Biedma,002,0029 ,0367,339,21,6,35,NA,NA,NA,NA,NA,111
07,Biedma,002,0029 ,0368,339,36,3,22,NA,NA,NA,NA,NA,100
07,Biedma,002,0029 ,0369,339,19,6,25,NA,NA,NA,NA,NA,97
07,Biedma,002,0029 ,0370,339,24,8,17,NA,NA,NA,NA,NA,106
07,Biedma,002,0029 ,0371,339,26,10,26,NA,NA,NA,NA,NA,113
07,Biedma,002,0029 ,0372,339,18,2,30,NA,NA,NA,NA,NA,119
07,Biedma,002,0029 ,0373,337,20,4,21,NA,NA,NA,NA,NA,98
07,Biedma,002,0029 ,0374,339,25,8,29,NA,NA,NA,NA,NA,94
07,Biedma,002,0029 ,0375,339,12,2,31,NA,NA,NA,NA,NA,113
07,Biedma,002,0029 ,0376,339,16,7,41,NA,NA,NA,NA,NA,107
07,Biedma,002,0029 ,0377,339,9,7,21,NA,NA,NA,NA,NA,93
07,Biedma,002,0029 ,0378,339,30,9,23,NA,NA,NA,NA,NA,104
07,Biedma,002,0029 ,0379,339,30,0,30,NA,NA,NA,NA,NA,93
07,Biedma,002,0029 ,0380,339,15,13,32,NA,NA,NA,NA,NA,101
07,Biedma,002,0029 ,0381,339,32,0,22,NA,NA,NA,NA,NA,99
07,Biedma,002,0029 ,0382,339,21,6,30,NA,NA,NA,NA,NA,110
07,Biedma,002,0029 ,0383,339,17,6,22,NA,NA,NA,NA,NA,120
07,Biedma,002,0029 ,0384,339,22,5,28,NA,NA,NA,NA,NA,108
07,Biedma,002,0030 ,0385,342,15,10,16,NA,NA,NA,NA,NA,129
07,Biedma,002,0030 ,0386,342,31,12,22,NA,NA,NA,NA,NA,115
07,Biedma,002,0030 ,0387,342,0,0,26,NA,NA,NA,NA,NA,122
07,Biedma,002,0030 ,0388,342,33,3,24,NA,NA,NA,NA,NA,124
07,Biedma,002,0030 ,0389,342,0,0,17,NA,NA,NA,NA,NA,133
07,Biedma,002,0030 ,0390,342,23,19,24,NA,NA,NA,NA,NA,117
07,Biedma,002,0030 ,0391,342,4,1,3,NA,NA,NA,NA,NA,16
07,Biedma,002,0030 ,0392,342,21,7,8,NA,NA,NA,NA,NA,138
07,Biedma,002,0030 ,0393,342,17,8,14,NA,NA,NA,NA,NA,141
07,Biedma,002,0030 ,0394,342,2,5,25,NA,NA,NA,NA,NA,145
07,Biedma,002,0030 ,0395,342,23,5,20,NA,NA,NA,NA,NA,135
07,Biedma,002,0030 ,0396,342,18,6,20,NA,NA,NA,NA,NA,143
07,Biedma,002,0030 ,0397,342,1,15,21,NA,NA,NA,NA,NA,130
07,Biedma,002,0030 ,0398,342,19,15,13,NA,NA,NA,NA,NA,126
07,Biedma,002,0030 ,0399,342,24,12,19,NA,NA,NA,NA,NA,130
07,Biedma,002,0030 ,0400,342,1,3,0,NA,NA,NA,NA,NA,143
07,Biedma,002,0030 ,0401,342,0,3,15,NA,NA,NA,NA,NA,126
07,Biedma,002,0030 ,0402,342,21,2,19,NA,NA,NA,NA,NA,154
07,Biedma,002,0030 ,0403,342,27,12,17,NA,NA,NA,NA,NA,114
07,Biedma,002,0030 ,0404,342,13,5,18,NA,NA,NA,NA,NA,134
07,Biedma,002,0030 ,0405,342,30,7,17,NA,NA,NA,NA,NA,120
07,Biedma,002,0030 ,0406,342,22,4,19,NA,NA,NA,NA,NA,136
07,Biedma,002,0030 ,0407,342,21,7,17,NA,NA,NA,NA,NA,128
07,Biedma,002,0030 ,0408,342,0,0,18,NA,NA,NA,NA,NA,122
07,Biedma,002,0030 ,0409,342,29,14,15,NA,NA,NA,NA,NA,137
07,Biedma,002,0030 ,0410,341,32,11,23,NA,NA,NA,NA,NA,124
07,Biedma,002,0030 ,0411,342,22,7,31,NA,NA,NA,NA,NA,103
07,Biedma,002,0030 ,0412,342,29,1,21,NA,NA,NA,NA,NA,120
07,Biedma,002,0030 ,0413,342,26,4,10,NA,NA,NA,NA,NA,130
07,Biedma,002,0030 ,0414,342,29,6,23,NA,NA,NA,NA,NA,134
07,Biedma,002,0030 ,0415,342,24,5,19,NA,NA,NA,NA,NA,134
07,Biedma,002,0030 ,0416,342,20,14,9,NA,NA,NA,NA,NA,144
07,Biedma,002,0030 ,0417,342,1,3,15,NA,NA,NA,NA,NA,126
07,Biedma,002,0030 ,0418,342,30,12,18,NA,NA,NA,NA,NA,119
07,Biedma,002,0030 ,0419,342,18,12,16,NA,NA,NA,NA,NA,140
07,Biedma,002,0030 ,0420,340,0,0,18,NA,NA,NA,NA,NA,137
07,Biedma,002,0030 ,0421,341,18,13,18,NA,NA,NA,NA,NA,138
07,Biedma,002,0030 ,0422,340,1,10,19,NA,NA,NA,NA,NA,127
07,Biedma,002,0030 ,0423,341,24,5,21,NA,NA,NA,NA,NA,118
07,Biedma,002,0030 ,0424,341,14,21,16,NA,NA,NA,NA,NA,127
07,Biedma,002,0030 ,0425,341,3,6,19,NA,NA,NA,NA,NA,145
07,Biedma,002,0031 ,0426,344,0,0,15,NA,NA,NA,NA,NA,133
07,Biedma,002,0031 ,0427,344,24,4,19,NA,NA,NA,NA,NA,118
07,Biedma,002,0031 ,0428,344,30,4,22,NA,NA,NA,NA,NA,111
07,Biedma,002,0031 ,0429,344,26,4,27,NA,NA,NA,NA,NA,113
07,Biedma,002,0031 ,0430,344,0,0,30,NA,NA,NA,NA,NA,124
07,Biedma,002,0031 ,0431,344,0,0,30,NA,NA,NA,NA,NA,123
07,Biedma,002,0031 ,0432,344,22,6,24,NA,NA,NA,NA,NA,124
07,Biedma,002,0031 ,0433,344,1,3,20,NA,NA,NA,NA,NA,131
07,Biedma,002,0031 ,0434,344,24,3,28,NA,NA,NA,NA,NA,119
07,Biedma,002,0031 ,0435,344,0,27,26,NA,NA,NA,NA,NA,125
07,Biedma,002,0031 ,0436,344,32,0,23,NA,NA,NA,NA,NA,111
07,Biedma,002,0031 ,0437,344,35,0,27,NA,NA,NA,NA,NA,113
07,Biedma,002,0031 ,0438,344,16,10,20,NA,NA,NA,NA,NA,117
07,Biedma,002,0031 ,0439,344,15,2,18,NA,NA,NA,NA,NA,119
07,Biedma,002,0031 ,0440,344,35,9,33,NA,NA,NA,NA,NA,112
07,Biedma,002,0031 ,0441,344,27,0,36,NA,NA,NA,NA,NA,101
07,Biedma,002,0031 ,0442,344,18,0,38,NA,NA,NA,NA,NA,114
07,Biedma,002,0031 ,0443,344,21,4,33,NA,NA,NA,NA,NA,116
07,Biedma,002,0031 ,0444,343,24,7,28,NA,NA,NA,NA,NA,127
07,Biedma,002,0032 ,0445,235,11,3,24,NA,NA,NA,NA,NA,49
07,Biedma,002,0032 ,0446,236,19,2,17,NA,NA,NA,NA,NA,59
07,Biedma,002,0032 ,0447,236,0,2,21,NA,NA,NA,NA,NA,63
07,Telsen,003,0033 ,0448,325,0,3,42,NA,NA,NA,NA,NA,70
07,Telsen,003,0033 ,0449,325,8,3,39,NA,NA,NA,NA,NA,98
07,Telsen,003,0034 ,0450,277,2,3,26,NA,NA,NA,NA,NA,72
07,Telsen,003,0034 ,0451,277,3,1,34,NA,NA,NA,NA,NA,63
07,Telsen,003,0034 ,0452,277,5,0,27,NA,NA,NA,NA,NA,68
07,Gastre,004,0035 ,0453,290,0,0,6,NA,NA,NA,NA,NA,66
07,Gastre,004,0035 ,0454,290,6,1,20,NA,NA,NA,NA,NA,75
07,Gastre,004,0035 ,0455,289,7,1,7,NA,NA,NA,NA,NA,70
07,Gastre,004,0036A,0456,349,7,3,13,NA,NA,NA,NA,NA,54
07,Gastre,004,0036B,0457,114,0,0,13,NA,NA,NA,NA,NA,28
07,Cushamen,005,0037 ,0458,330,12,4,24,NA,NA,NA,NA,NA,119
07,Cushamen,005,0037 ,0459,330,13,4,32,NA,NA,NA,NA,NA,141
07,Cushamen,005,0037 ,0460,330,20,2,21,NA,NA,NA,NA,NA,128
07,Cushamen,005,0037 ,0461,329,16,0,24,NA,NA,NA,NA,NA,119
07,Cushamen,005,0039 ,0462,341,13,1,22,NA,NA,NA,NA,NA,144
07,Cushamen,005,0039 ,0463,340,12,0,15,NA,NA,NA,NA,NA,170
07,Cushamen,005,0039 ,0464,341,11,4,15,NA,NA,NA,NA,NA,129
07,Cushamen,005,0039 ,0465,341,0,0,17,NA,NA,NA,NA,NA,168
07,Cushamen,005,0039 ,0466,340,18,0,15,NA,NA,NA,NA,NA,150
07,Cushamen,005,0039 ,0467,341,15,2,20,NA,NA,NA,NA,NA,148
07,Cushamen,005,0039 ,0468,341,10,6,8,NA,NA,NA,NA,NA,155
07,Cushamen,005,0039 ,0469,341,8,0,26,NA,NA,NA,NA,NA,136
07,Cushamen,005,0039 ,0470,341,16,0,16,NA,NA,NA,NA,NA,152
07,Cushamen,005,0039 ,0471,340,7,5,21,NA,NA,NA,NA,NA,136
07,Cushamen,005,0040 ,0472,348,1,0,21,NA,NA,NA,NA,NA,140
07,Cushamen,005,0040 ,0473,348,2,9,25,NA,NA,NA,NA,NA,133
07,Cushamen,005,0040 ,0474,347,8,2,30,NA,NA,NA,NA,NA,137
07,Cushamen,005,0040 ,0475,347,6,2,16,NA,NA,NA,NA,NA,135
07,Cushamen,005,0041 ,0476,313,7,10,10,NA,NA,NA,NA,NA,109
07,Cushamen,005,0041 ,0477,313,15,2,10,NA,NA,NA,NA,NA,125
07,Cushamen,005,0041 ,0478,313,5,10,6,NA,NA,NA,NA,NA,137
07,Cushamen,005,0041 ,0479,313,1,4,6,NA,NA,NA,NA,NA,123
07,Cushamen,005,0041 ,0480,312,15,4,20,NA,NA,NA,NA,NA,108
07,Cushamen,005,0041 ,0481,312,10,9,11,NA,NA,NA,NA,NA,118
07,Cushamen,005,0042 ,0482,309,11,5,23,NA,NA,NA,NA,NA,130
07,Cushamen,005,0042 ,0483,309,18,5,31,NA,NA,NA,NA,NA,119
07,Cushamen,005,0042 ,0484,309,16,4,28,NA,NA,NA,NA,NA,118
07,Cushamen,005,0042 ,0485,309,8,3,14,NA,NA,NA,NA,NA,138
07,Cushamen,005,0042 ,0486,308,14,0,18,NA,NA,NA,NA,NA,119
07,Cushamen,005,0043 ,0487,322,21,9,25,NA,NA,NA,NA,NA,111
07,Cushamen,005,0043 ,0488,322,31,4,12,NA,NA,NA,NA,NA,121
07,Cushamen,005,0043 ,0489,322,26,1,23,NA,NA,NA,NA,NA,116
07,Cushamen,005,0043 ,0490,319,25,2,9,NA,NA,NA,NA,NA,112
07,Cushamen,005,0043 ,0491,321,22,1,15,NA,NA,NA,NA,NA,120
07,Cushamen,005,0043 ,0492,321,17,3,22,NA,NA,NA,NA,NA,120
07,Cushamen,005,0043 ,0493,321,6,0,18,NA,NA,NA,NA,NA,117
07,Cushamen,005,0043 ,0494,321,0,0,10,NA,NA,NA,NA,NA,125
07,Cushamen,005,0043 ,0495,321,25,2,16,NA,NA,NA,NA,NA,116
07,Cushamen,005,0043 ,0496,321,13,4,8,NA,NA,NA,NA,NA,128
07,Cushamen,005,0044A,0497,333,17,10,24,NA,NA,NA,NA,NA,103
07,Cushamen,005,0044A,0498,333,32,7,15,NA,NA,NA,NA,NA,114
07,Cushamen,005,0044A,0499,333,19,5,26,NA,NA,NA,NA,NA,133
07,Cushamen,005,0044A,0500,332,1,2,19,NA,NA,NA,NA,NA,113
07,Cushamen,005,0044A,0501,332,29,6,26,NA,NA,NA,NA,NA,127
07,Cushamen,005,0044A,0502,332,24,7,19,NA,NA,NA,NA,NA,124
07,Cushamen,005,0044A,0503,332,18,2,27,NA,NA,NA,NA,NA,117
07,Cushamen,005,0044A,0504,332,30,3,24,NA,NA,NA,NA,NA,142
07,Cushamen,005,0044A,0505,332,18,8,23,NA,NA,NA,NA,NA,130
07,Cushamen,005,0044A,0506,332,27,5,26,NA,NA,NA,NA,NA,101
07,Cushamen,005,0044A,0507,332,22,6,19,NA,NA,NA,NA,NA,131
07,Cushamen,005,0044A,0508,332,23,3,18,NA,NA,NA,NA,NA,114
07,Cushamen,005,0044A,0509,332,16,6,24,NA,NA,NA,NA,NA,117
07,Cushamen,005,0044B,0510,285,17,12,10,NA,NA,NA,NA,NA,89
07,Cushamen,005,0044B,0511,284,31,1,20,NA,NA,NA,NA,NA,84
07,Cushamen,005,0044B,0512,284,40,2,18,NA,NA,NA,NA,NA,83
07,Cushamen,005,0044C,0513,45,0,0,0,NA,NA,NA,NA,NA,0
07,Futaleufú,006,0045 ,0514,61,2,0,3,NA,NA,NA,NA,NA,30
07,Futaleufú,006,0046 ,0515,349,22,10,22,NA,NA,NA,NA,NA,122
07,Futaleufú,006,0046 ,0516,349,15,6,30,NA,NA,NA,NA,NA,96
07,Futaleufú,006,0046 ,0517,349,16,7,26,NA,NA,NA,NA,NA,144
07,Futaleufú,006,0046 ,0518,349,0,0,23,NA,NA,NA,NA,NA,118
07,Futaleufú,006,0046 ,0519,349,0,13,18,NA,NA,NA,NA,NA,121
07,Futaleufú,006,0046 ,0520,349,17,10,0,NA,NA,NA,NA,NA,111
07,Futaleufú,006,0046 ,0521,349,33,0,21,NA,NA,NA,NA,NA,129
07,Futaleufú,006,0046 ,0522,348,24,2,22,NA,NA,NA,NA,NA,124
07,Futaleufú,006,0046 ,0523,347,18,5,15,NA,NA,NA,NA,NA,0
07,Futaleufú,006,0046 ,0524,348,14,14,26,NA,NA,NA,NA,NA,128
07,Futaleufú,006,0046 ,0525,348,27,7,27,NA,NA,NA,NA,NA,125
07,Futaleufú,006,0046 ,0526,348,4,9,23,NA,NA,NA,NA,NA,133
07,Futaleufú,006,0046 ,0527,348,14,7,18,NA,NA,NA,NA,NA,92
07,Futaleufú,006,0046 ,0528,347,31,0,27,NA,NA,NA,NA,NA,125
07,Futaleufú,006,0047 ,0529,342,3,12,28,NA,NA,NA,NA,NA,141
07,Futaleufú,006,0047 ,0530,342,14,8,17,NA,NA,NA,NA,NA,125
07,Futaleufú,006,0047 ,0531,341,18,3,40,NA,NA,NA,NA,NA,131
07,Futaleufú,006,0047 ,0532,342,45,5,22,NA,NA,NA,NA,NA,143
07,Futaleufú,006,0047 ,0533,342,16,7,22,NA,NA,NA,NA,NA,122
07,Futaleufú,006,0047 ,0534,342,19,9,24,NA,NA,NA,NA,NA,107
07,Futaleufú,006,0047 ,0535,342,17,0,30,NA,NA,NA,NA,NA,104
07,Futaleufú,006,0047 ,0536,342,13,8,27,NA,NA,NA,NA,NA,110
07,Futaleufú,006,0047 ,0537,342,19,7,28,NA,NA,NA,NA,NA,106
07,Futaleufú,006,0047 ,0538,342,10,4,23,NA,NA,NA,NA,NA,131
07,Futaleufú,006,0047 ,0539,342,0,0,18,NA,NA,NA,NA,NA,140
07,Futaleufú,006,0047 ,0540,342,13,11,24,NA,NA,NA,NA,NA,105
07,Futaleufú,006,0047 ,0541,341,8,8,23,NA,NA,NA,NA,NA,112
07,Futaleufú,006,0047 ,0542,342,13,9,17,NA,NA,NA,NA,NA,104
07,Futaleufú,006,0047 ,0543,342,19,5,18,NA,NA,NA,NA,NA,127
07,Futaleufú,006,0047 ,0544,342,21,6,10,NA,NA,NA,NA,NA,127
07,Futaleufú,006,0047 ,0545,342,21,7,24,NA,NA,NA,NA,NA,123
07,Futaleufú,006,0047 ,0546,342,23,2,25,NA,NA,NA,NA,NA,121
07,Futaleufú,006,0047 ,0547,342,18,2,17,NA,NA,NA,NA,NA,124
07,Futaleufú,006,0047 ,0548,342,14,5,39,NA,NA,NA,NA,NA,114
07,Futaleufú,006,0047 ,0549,342,12,5,26,NA,NA,NA,NA,NA,120
07,Futaleufú,006,0047 ,0550,342,26,8,20,NA,NA,NA,NA,NA,107
07,Futaleufú,006,0047 ,0551,341,18,10,26,NA,NA,NA,NA,NA,108
07,Futaleufú,006,0048 ,0552,348,18,3,25,NA,NA,NA,NA,NA,103
07,Futaleufú,006,0048 ,0553,348,10,5,26,NA,NA,NA,NA,NA,150
07,Futaleufú,006,0048 ,0554,348,26,4,38,NA,NA,NA,NA,NA,103
07,Futaleufú,006,0048 ,0555,348,16,3,26,NA,NA,NA,NA,NA,90
07,Futaleufú,006,0048 ,0556,348,24,5,29,NA,NA,NA,NA,NA,87
07,Futaleufú,006,0048 ,0557,348,0,0,22,NA,NA,NA,NA,NA,129
07,Futaleufú,006,0048 ,0558,348,14,10,36,NA,NA,NA,NA,NA,116
07,Futaleufú,006,0048 ,0559,348,23,6,38,NA,NA,NA,NA,NA,107
07,Futaleufú,006,0048 ,0560,348,18,2,46,NA,NA,NA,NA,NA,98
07,Futaleufú,006,0048 ,0561,348,22,4,23,NA,NA,NA,NA,NA,101
07,Futaleufú,006,0048 ,0562,348,23,6,42,NA,NA,NA,NA,NA,95
07,Futaleufú,006,0048 ,0563,348,18,6,27,NA,NA,NA,NA,NA,113
07,Futaleufú,006,0048 ,0564,348,17,4,25,NA,NA,NA,NA,NA,97
07,Futaleufú,006,0048 ,0565,347,18,6,28,NA,NA,NA,NA,NA,113
07,Futaleufú,006,0048 ,0566,348,17,15,26,NA,NA,NA,NA,NA,114
07,Futaleufú,006,0048 ,0567,348,23,3,43,NA,NA,NA,NA,NA,99
07,Futaleufú,006,0048 ,0568,348,27,8,25,NA,NA,NA,NA,NA,92
07,Futaleufú,006,0048 ,0569,348,28,3,21,NA,NA,NA,NA,NA,112
07,Futaleufú,006,0048 ,0570,348,21,5,26,NA,NA,NA,NA,NA,110
07,Futaleufú,006,0048 ,0571,348,6,5,21,NA,NA,NA,NA,NA,95
07,Futaleufú,006,0048 ,0572,347,30,10,26,NA,NA,NA,NA,NA,113
07,Futaleufú,006,0048 ,0573,347,19,8,30,NA,NA,NA,NA,NA,133
07,Futaleufú,006,0048 ,0574,347,2,8,26,NA,NA,NA,NA,NA,108
07,Futaleufú,006,0048 ,0575,347,32,5,25,NA,NA,NA,NA,NA,115
07,Futaleufú,006,0048 ,0576,347,19,9,35,NA,NA,NA,NA,NA,109
07,Futaleufú,006,0048 ,0577,347,19,9,22,NA,NA,NA,NA,NA,121
07,Futaleufú,006,0048 ,0578,347,24,2,34,NA,NA,NA,NA,NA,79
07,Futaleufú,006,0048 ,0579,347,21,7,37,NA,NA,NA,NA,NA,126
07,Futaleufú,006,0048 ,0580,347,26,7,28,NA,NA,NA,NA,NA,112
07,Futaleufú,006,0048 ,0581,346,17,7,24,NA,NA,NA,NA,NA,117
07,Futaleufú,006,0048 ,0582,347,10,6,32,NA,NA,NA,NA,NA,117
07,Futaleufú,006,0048 ,0583,347,15,10,30,NA,NA,NA,NA,NA,96
07,Futaleufú,006,0048 ,0584,347,4,8,32,NA,NA,NA,NA,NA,110
07,Futaleufú,006,0048A,0585,92,6,4,4,NA,NA,NA,NA,NA,37
07,Futaleufú,006,0049 ,0586,233,16,2,14,NA,NA,NA,NA,NA,83
07,Futaleufú,006,0050A,0587,335,19,11,29,NA,NA,NA,NA,NA,93
07,Futaleufú,006,0050A,0588,335,10,11,23,NA,NA,NA,NA,NA,96
07,Futaleufú,006,0050A,0589,335,16,6,27,NA,NA,NA,NA,NA,90
07,Futaleufú,006,0050A,0590,334,0,0,36,NA,NA,NA,NA,NA,71
07,Futaleufú,006,0050A,0591,335,12,4,41,NA,NA,NA,NA,NA,89
07,Futaleufú,006,0050A,0592,335,12,5,34,NA,NA,NA,NA,NA,90
07,Futaleufú,006,0050A,0593,335,11,4,33,NA,NA,NA,NA,NA,45
07,Futaleufú,006,0050A,0594,334,14,6,39,NA,NA,NA,NA,NA,82
07,Futaleufú,006,0050A,0595,334,12,4,35,NA,NA,NA,NA,NA,82
07,Futaleufú,006,0050A,0596,334,20,2,40,NA,NA,NA,NA,NA,72
07,Futaleufú,006,0050B,0597,321,9,4,19,NA,NA,NA,NA,NA,101
07,Futaleufú,006,0051 ,0598,306,13,6,34,NA,NA,NA,NA,NA,66
07,Futaleufú,006,0051 ,0599,306,12,5,42,NA,NA,NA,NA,NA,73
07,Futaleufú,006,0051 ,0600,306,15,4,41,NA,NA,NA,NA,NA,82
07,Futaleufú,006,0051 ,0601,305,18,5,32,NA,NA,NA,NA,NA,70
07,Futaleufú,006,0051 ,0602,305,19,5,42,NA,NA,NA,NA,NA,60
07,Futaleufú,006,0051 ,0603,305,15,5,47,NA,NA,NA,NA,NA,59
07,Futaleufú,006,0052 ,0604,150,5,1,18,NA,NA,NA,NA,NA,38
07,Futaleufú,006,0053 ,0605,200,11,0,2,NA,NA,NA,NA,NA,51
07,Futaleufú,006,0053 ,0606,200,2,3,9,NA,NA,NA,NA,NA,42
07,Futaleufú,006,0054A,0607,294,9,2,6,NA,NA,NA,NA,NA,124
07,Futaleufú,006,0054A,0608,294,9,2,16,NA,NA,NA,NA,NA,113
07,Futaleufú,006,0054A,0609,294,4,0,9,NA,NA,NA,NA,NA,112
07,Futaleufú,006,0054A,0610,293,13,3,18,NA,NA,NA,NA,NA,95
07,Futaleufú,006,0054A,0611,293,9,1,18,NA,NA,NA,NA,NA,134
07,Futaleufú,006,0054B,0612,116,0,0,1,NA,NA,NA,NA,NA,75
07,Languiñeo,007,0055 ,0613,249,6,0,20,NA,NA,NA,NA,NA,69
07,Languiñeo,007,0056 ,0614,312,0,4,8,NA,NA,NA,NA,NA,136
07,Languiñeo,007,0056 ,0615,312,4,1,13,NA,NA,NA,NA,NA,128
07,Languiñeo,007,0056 ,0616,312,7,0,12,NA,NA,NA,NA,NA,140
07,Languiñeo,007,0056 ,0617,311,3,0,15,NA,NA,NA,NA,NA,128
07,Languiñeo,007,0057 ,0618,188,4,0,22,NA,NA,NA,NA,NA,62
07,Languiñeo,007,0057 ,0619,188,4,0,23,NA,NA,NA,NA,NA,55
07,Languiñeo,007,0058 ,0620,187,3,3,18,NA,NA,NA,NA,NA,63
07,Languiñeo,007,0058 ,0621,187,2,0,24,NA,NA,NA,NA,NA,58
07,Languiñeo,007,0058A,0622,162,3,1,15,NA,NA,NA,NA,NA,44
07,Tehuelches,008,0059 ,0623,109,0,0,8,NA,NA,NA,NA,NA,12
07,Tehuelches,008,0060 ,0624,325,9,1,30,NA,NA,NA,NA,NA,127
07,Tehuelches,008,0060 ,0625,325,6,1,28,NA,NA,NA,NA,NA,137
07,Tehuelches,008,0060 ,0626,325,11,3,28,NA,NA,NA,NA,NA,152
07,Tehuelches,008,0061 ,0627,315,1,2,30,NA,NA,NA,NA,NA,99
07,Tehuelches,008,0061 ,0628,315,7,6,19,NA,NA,NA,NA,NA,102
07,Tehuelches,008,0061 ,0629,314,3,4,23,NA,NA,NA,NA,NA,97
07,Tehuelches,008,0061 ,0630,314,0,0,25,NA,NA,NA,NA,NA,104
07,Tehuelches,008,0061 ,0631,314,12,5,23,NA,NA,NA,NA,NA,107
07,Tehuelches,008,0061 ,0632,314,0,0,19,NA,NA,NA,NA,NA,90
07,Tehuelches,008,0062 ,0633,297,8,2,34,NA,NA,NA,NA,NA,61
07,Tehuelches,008,0062 ,0634,297,12,3,25,NA,NA,NA,NA,NA,81
07,Tehuelches,008,0062 ,0635,297,8,0,24,NA,NA,NA,NA,NA,87
07,Tehuelches,008,0062 ,0636,296,0,0,17,NA,NA,NA,NA,NA,0
07,Tehuelches,008,0062 ,0637,296,1,1,25,NA,NA,NA,NA,NA,63
07,Paso de Indios,009,0063 ,0638,331,4,2,39,NA,NA,NA,NA,NA,64
07,Paso de Indios,009,0063 ,0639,331,14,0,34,NA,NA,NA,NA,NA,62
07,Paso de Indios,009,0063 ,0640,331,9,0,38,NA,NA,NA,NA,NA,62
07,Paso de Indios,009,0063 ,0641,330,9,1,32,NA,NA,NA,NA,NA,65
07,Paso de Indios,009,0063A,0642,109,1,0,18,NA,NA,NA,NA,NA,28
07,Mártires,010,0065 ,0643,69,0,0,0,NA,NA,NA,NA,NA,0
07,Mártires,010,0066 ,0644,289,1,1,34,NA,NA,NA,NA,NA,0
07,Mártires,010,0066 ,0645,287,0,2,36,NA,NA,NA,NA,NA,55
07,F. Ameguino,011,0067 ,0646,304,6,2,22,NA,NA,NA,NA,NA,119
07,F. Ameguino,011,0067 ,0647,303,9,0,18,NA,NA,NA,NA,NA,104
07,F. Ameguino,011,0067 ,0648,303,10,1,20,NA,NA,NA,NA,NA,105
07,F. Ameguino,011,0067 ,0649,303,7,1,22,NA,NA,NA,NA,NA,115
07,Gaiman,012,0068 ,0650,335,18,0,48,NA,NA,NA,NA,NA,100
07,Gaiman,012,0068 ,0651,334,22,2,44,NA,NA,NA,NA,NA,106
07,Gaiman,012,0068 ,0652,334,14,3,38,NA,NA,NA,NA,NA,101
07,Gaiman,012,0068 ,0653,334,15,3,56,NA,NA,NA,NA,NA,117
07,Gaiman,012,0068 ,0654,334,17,7,36,NA,NA,NA,NA,NA,107
07,Gaiman,012,0068 ,0655,334,14,2,45,NA,NA,NA,NA,NA,111
07,Gaiman,012,0068 ,0656,334,2,2,61,NA,NA,NA,NA,NA,90
07,Gaiman,012,0068 ,0657,334,12,16,43,NA,NA,NA,NA,NA,101
07,Gaiman,012,0069 ,0658,304,20,0,46,NA,NA,NA,NA,NA,92
07,Gaiman,012,0069 ,0659,304,18,7,54,NA,NA,NA,NA,NA,89
07,Gaiman,012,0069 ,0660,304,13,0,53,NA,NA,NA,NA,NA,82
07,Gaiman,012,0069 ,0661,304,13,7,59,NA,NA,NA,NA,NA,82
07,Gaiman,012,0069 ,0662,303,26,4,44,NA,NA,NA,NA,NA,91
07,Gaiman,012,0069 ,0663,303,15,6,38,NA,NA,NA,NA,NA,97
07,Gaiman,012,0069 ,0664,303,16,1,50,NA,NA,NA,NA,NA,92
07,Gaiman,012,0070 ,0665,306,8,3,83,NA,NA,NA,NA,NA,60
07,Gaiman,012,0070 ,0666,306,15,4,98,NA,NA,NA,NA,NA,52
07,Gaiman,012,0070 ,0667,305,6,4,91,NA,NA,NA,NA,NA,50
07,Gaiman,012,0071 ,0668,317,11,4,60,NA,NA,NA,NA,NA,77
07,Gaiman,012,0071 ,0669,317,11,4,69,NA,NA,NA,NA,NA,83
07,Gaiman,012,0071 ,0670,316,15,0,72,NA,NA,NA,NA,NA,66
07,Gaiman,012,0071 ,0671,316,17,6,65,NA,NA,NA,NA,NA,68
07,Gaiman,012,0071 ,0672,316,3,2,83,NA,NA,NA,NA,NA,80
07,Gaiman,012,0072 ,0673,253,8,3,128,NA,NA,NA,NA,NA,39
07,Gaiman,012,0072 ,0674,251,5,2,94,NA,NA,NA,NA,NA,51
07,Gaiman,012,0073 ,0675,199,11,2,12,NA,NA,NA,NA,NA,49
07,Río Senguer,013,0074 ,0676,84,0,0,0,NA,NA,NA,NA,NA,0
07,Río Senguer,013,0075 ,0677,334,13,1,23,NA,NA,NA,NA,NA,134
07,Río Senguer,013,0075 ,0678,333,7,4,21,NA,NA,NA,NA,NA,140
07,Río Senguer,013,0075 ,0679,334,0,0,15,NA,NA,NA,NA,NA,0
07,Río Senguer,013,0075 ,0680,334,0,0,0,NA,NA,NA,NA,NA,0
07,Río Senguer,013,0077 ,0681,181,4,2,9,NA,NA,NA,NA,NA,44
07,Río Senguer,013,0078 ,0682,344,0,0,18,NA,NA,NA,NA,NA,0
07,Río Senguer,013,0078 ,0683,345,3,3,15,NA,NA,NA,NA,NA,91
07,Río Senguer,013,0078 ,0684,344,1,1,28,NA,NA,NA,NA,NA,90
07,Río Senguer,013,0078 ,0685,345,0,1,10,NA,NA,NA,NA,NA,94
07,Río Senguer,013,0078 ,0686,345,1,4,12,NA,NA,NA,NA,NA,101
07,Río Senguer,013,0078 ,0687,345,0,0,0,NA,NA,NA,NA,NA,0
07,Río Senguer,013,0078 ,0688,344,12,0,17,NA,NA,NA,NA,NA,102
07,Río Senguer,013,0079 ,0689,214,0,0,20,NA,NA,NA,NA,NA,49
07,Río Senguer,013,0080 ,0690,169,6,2,33,NA,NA,NA,NA,NA,32
07,Río Senguer,013,0081 ,0691,192,0,1,8,NA,NA,NA,NA,NA,52
07,Sarmiento,014,0082 ,0692,123,3,1,5,NA,NA,NA,NA,NA,28
07,Sarmiento,014,0083 ,0693,343,11,7,29,NA,NA,NA,NA,NA,124
07,Sarmiento,014,0083 ,0694,343,11,11,30,NA,NA,NA,NA,NA,136
07,Sarmiento,014,0083 ,0695,343,20,4,31,NA,NA,NA,NA,NA,125
07,Sarmiento,014,0083 ,0696,343,16,8,39,NA,NA,NA,NA,NA,130
07,Sarmiento,014,0083 ,0697,343,12,4,31,NA,NA,NA,NA,NA,112
07,Sarmiento,014,0083 ,0698,343,22,5,37,NA,NA,NA,NA,NA,141
07,Sarmiento,014,0083 ,0699,342,20,0,38,NA,NA,NA,NA,NA,122
07,Sarmiento,014,0083 ,0700,342,2,4,36,NA,NA,NA,NA,NA,122
07,Sarmiento,014,0083 ,0701,342,1,4,20,NA,NA,NA,NA,NA,128
07,Sarmiento,014,0083 ,0702,342,23,6,29,NA,NA,NA,NA,NA,131
07,Sarmiento,014,0083 ,0703,342,11,6,22,NA,NA,NA,NA,NA,137
07,Sarmiento,014,0083 ,0704,342,17,4,36,NA,NA,NA,NA,NA,127
07,Sarmiento,014,0083 ,0705,342,10,2,34,NA,NA,NA,NA,NA,127
07,Sarmiento,014,0083 ,0706,342,1,8,32,NA,NA,NA,NA,NA,139
07,Sarmiento,014,0083 ,0707,342,12,4,29,NA,NA,NA,NA,NA,119
07,Sarmiento,014,0083 ,0708,342,1,5,48,NA,NA,NA,NA,NA,0
07,Sarmiento,014,0084 ,0709,341,14,5,10,NA,NA,NA,NA,NA,112
07,Sarmiento,014,0084 ,0710,341,14,5,15,NA,NA,NA,NA,NA,104
07,Sarmiento,014,0084 ,0711,341,2,3,17,NA,NA,NA,NA,NA,99
07,Sarmiento,014,0084 ,0712,341,0,1,11,NA,NA,NA,NA,NA,119
07,Sarmiento,014,0084 ,0713,341,17,0,12,NA,NA,NA,NA,NA,0
07,Sarmiento,014,0084 ,0714,341,10,8,19,NA,NA,NA,NA,NA,113
07,Sarmiento,014,0084 ,0715,340,9,4,14,NA,NA,NA,NA,NA,133
07,Sarmiento,014,0084 ,0716,341,0,17,21,NA,NA,NA,NA,NA,126
07,Escalante,015,0086 ,0717,346,28,4,53,NA,NA,NA,NA,NA,112
07,Escalante,015,0086 ,0718,346,23,5,46,NA,NA,NA,NA,NA,102
07,Escalante,015,0086 ,0719,346,50,3,47,NA,NA,NA,NA,NA,88
07,Escalante,015,0086 ,0720,346,29,3,47,NA,NA,NA,NA,NA,95
07,Escalante,015,0086 ,0721,346,23,3,58,NA,NA,NA,NA,NA,90
07,Escalante,015,0086 ,0722,346,28,7,45,NA,NA,NA,NA,NA,107
07,Escalante,015,0086 ,0723,346,23,5,57,NA,NA,NA,NA,NA,84
07,Escalante,015,0086 ,0724,346,0,0,57,NA,NA,NA,NA,NA,77
07,Escalante,015,0086 ,0725,346,37,4,61,NA,NA,NA,NA,NA,93
07,Escalante,015,0086 ,0726,346,32,3,53,NA,NA,NA,NA,NA,90
07,Escalante,015,0086 ,0727,346,28,0,51,NA,NA,NA,NA,NA,96
07,Escalante,015,0086 ,0728,346,24,8,67,NA,NA,NA,NA,NA,81
07,Escalante,015,0086 ,0729,346,23,8,51,NA,NA,NA,NA,NA,100
07,Escalante,015,0086 ,0730,345,29,2,54,NA,NA,NA,NA,NA,91
07,Escalante,015,0086 ,0731,345,30,3,38,NA,NA,NA,NA,NA,103
07,Escalante,015,0086 ,0732,345,24,0,51,NA,NA,NA,NA,NA,101
07,Escalante,015,0086 ,0733,345,19,7,63,NA,NA,NA,NA,NA,98
07,Escalante,015,0086 ,0734,345,9,17,48,NA,NA,NA,NA,NA,93
07,Escalante,015,0086 ,0735,345,26,8,61,NA,NA,NA,NA,NA,88
07,Escalante,015,0086 ,0736,345,26,5,46,NA,NA,NA,NA,NA,82
07,Escalante,015,0086 ,0737,345,27,5,51,NA,NA,NA,NA,NA,88
07,Escalante,015,0086 ,0738,345,22,5,64,NA,NA,NA,NA,NA,104
07,Escalante,015,0086 ,0739,345,26,6,43,NA,NA,NA,NA,NA,97
07,Escalante,015,0087 ,0740,342,24,6,30,NA,NA,NA,NA,NA,140
07,Escalante,015,0087 ,0741,344,22,2,26,NA,NA,NA,NA,NA,142
07,Escalante,015,0087 ,0742,344,19,4,27,NA,NA,NA,NA,NA,146
07,Escalante,015,0088 ,0743,267,15,3,33,NA,NA,NA,NA,NA,90
07,Escalante,015,0089 ,0744,289,10,1,34,NA,NA,NA,NA,NA,134
07,Escalante,015,0089 ,0745,287,24,4,28,NA,NA,NA,NA,NA,126
07,Escalante,015,0090 ,0746,264,19,0,10,NA,NA,NA,NA,NA,61
07,Escalante,015,0090 ,0747,264,8,2,11,NA,NA,NA,NA,NA,44
07,Escalante,015,0091 ,0748,333,26,4,38,NA,NA,NA,NA,NA,149
07,Escalante,015,0091 ,0749,333,34,0,26,NA,NA,NA,NA,NA,141
07,Escalante,015,0091 ,0750,333,20,4,41,NA,NA,NA,NA,NA,126
07,Escalante,015,0091 ,0751,333,22,4,35,NA,NA,NA,NA,NA,147
07,Escalante,015,0091 ,0752,333,33,0,35,NA,NA,NA,NA,NA,137
07,Escalante,015,0091 ,0753,332,37,0,43,NA,NA,NA,NA,NA,116
07,Escalante,015,0091 ,0754,332,21,0,37,NA,NA,NA,NA,NA,140
07,Escalante,015,0091 ,0755,332,32,3,35,NA,NA,NA,NA,NA,133
07,Escalante,015,0091 ,0756,332,22,7,28,NA,NA,NA,NA,NA,137
07,Escalante,015,0091 ,0757,332,28,9,28,NA,NA,NA,NA,NA,124
07,Escalante,015,0091 ,0758,332,17,5,20,NA,NA,NA,NA,NA,150
07,Escalante,015,0091 ,0759,332,28,11,20,NA,NA,NA,NA,NA,139
07,Escalante,015,0091 ,0760,332,42,11,29,NA,NA,NA,NA,NA,136
07,Escalante,015,0091 ,0761,332,2,10,37,NA,NA,NA,NA,NA,131
07,Escalante,015,0092 ,0762,294,21,13,33,NA,NA,NA,NA,NA,122
07,Escalante,015,0092 ,0763,294,23,0,38,NA,NA,NA,NA,NA,121
07,Escalante,015,0092 ,0764,293,16,4,27,NA,NA,NA,NA,NA,132
07,Escalante,015,0092 ,0765,294,18,11,29,NA,NA,NA,NA,NA,141
07,Escalante,015,0092 ,0766,293,17,16,17,NA,NA,NA,NA,NA,126
07,Escalante,015,0093 ,0767,329,17,4,20,NA,NA,NA,NA,NA,178
07,Escalante,015,0093 ,0768,329,0,0,23,NA,NA,NA,NA,NA,182
07,Escalante,015,0093 ,0769,329,8,6,15,NA,NA,NA,NA,NA,173
07,Escalante,015,0093 ,0770,329,5,10,26,NA,NA,NA,NA,NA,159
07,Escalante,015,0093 ,0771,329,6,6,27,NA,NA,NA,NA,NA,164
07,Escalante,015,0093 ,0772,328,4,5,24,NA,NA,NA,NA,NA,169
07,Escalante,015,0093 ,0773,328,0,0,20,NA,NA,NA,NA,NA,183
07,Escalante,015,0093 ,0774,328,15,5,24,NA,NA,NA,NA,NA,175
07,Escalante,015,0093 ,0775,328,0,0,19,NA,NA,NA,NA,NA,0
07,Escalante,015,0094 ,0776,279,14,7,33,NA,NA,NA,NA,NA,129
07,Escalante,015,0094 ,0777,279,12,5,25,NA,NA,NA,NA,NA,138
07,Escalante,015,0094 ,0778,279,17,20,29,NA,NA,NA,NA,NA,101
07,Escalante,015,0094 ,0779,278,17,6,23,NA,NA,NA,NA,NA,138
07,Escalante,015,0095 ,0780,343,29,12,27,NA,NA,NA,NA,NA,159
07,Escalante,015,0095 ,0781,343,17,3,28,NA,NA,NA,NA,NA,169
07,Escalante,015,0095 ,0782,342,23,12,32,NA,NA,NA,NA,NA,157
07,Escalante,015,0095 ,0783,342,29,6,21,NA,NA,NA,NA,NA,150
07,Escalante,015,0095 ,0784,342,0,2,28,NA,NA,NA,NA,NA,157
07,Escalante,015,0095 ,0785,342,32,0,19,NA,NA,NA,NA,NA,162
07,Escalante,015,0095 ,0786,342,4,9,22,NA,NA,NA,NA,NA,142
07,Escalante,015,0095 ,0787,342,24,11,37,NA,NA,NA,NA,NA,146
07,Escalante,015,0095 ,0788,342,23,7,33,NA,NA,NA,NA,NA,159
07,Escalante,015,0095 ,0789,342,24,15,42,NA,NA,NA,NA,NA,130
07,Escalante,015,0095 ,0790,342,39,0,14,NA,NA,NA,NA,NA,155
07,Escalante,015,0095 ,0791,342,29,5,27,NA,NA,NA,NA,NA,152
07,Escalante,015,0095 ,0792,342,38,5,31,NA,NA,NA,NA,NA,163
07,Escalante,015,0095 ,0793,342,19,2,36,NA,NA,NA,NA,NA,158
07,Escalante,015,0095 ,0794,342,30,5,32,NA,NA,NA,NA,NA,153
07,Escalante,015,0095 ,0795,342,16,6,41,NA,NA,NA,NA,NA,156
07,Escalante,015,0095 ,0796,342,14,5,30,NA,NA,NA,NA,NA,147
07,Escalante,015,0095 ,0797,342,21,6,27,NA,NA,NA,NA,NA,0
07,Escalante,015,0095 ,0798,342,3,6,18,NA,NA,NA,NA,NA,158
07,Escalante,015,0095 ,0799,342,28,5,32,NA,NA,NA,NA,NA,154
07,Escalante,015,0095 ,0800,342,0,0,0,NA,NA,NA,NA,NA,0
07,Escalante,015,0095 ,0801,342,2,3,30,NA,NA,NA,NA,NA,156
07,Escalante,015,0095 ,0802,342,11,11,34,NA,NA,NA,NA,NA,150
07,Escalante,015,0095 ,0803,342,27,8,25,NA,NA,NA,NA,NA,152
07,Escalante,015,0095 ,0804,342,35,7,18,NA,NA,NA,NA,NA,153
07,Escalante,015,0096 ,0805,343,24,3,43,NA,NA,NA,NA,NA,138
07,Escalante,015,0096 ,0806,343,0,6,41,NA,NA,NA,NA,NA,146
07,Escalante,015,0096 ,0807,343,24,13,39,NA,NA,NA,NA,NA,153
07,Escalante,015,0096 ,0808,343,2,7,38,NA,NA,NA,NA,NA,153
07,Escalante,015,0096 ,0809,342,26,5,37,NA,NA,NA,NA,NA,143
07,Escalante,015,0096 ,0810,342,21,8,39,NA,NA,NA,NA,NA,161
07,Escalante,015,0096 ,0811,342,11,6,31,NA,NA,NA,NA,NA,147
07,Escalante,015,0096 ,0812,342,20,2,32,NA,NA,NA,NA,NA,163
07,Escalante,015,0096 ,0813,342,1,34,23,NA,NA,NA,NA,NA,150
07,Escalante,015,0096 ,0814,342,34,0,45,NA,NA,NA,NA,NA,130
07,Escalante,015,0097 ,0815,341,34,9,25,NA,NA,NA,NA,NA,140
07,Escalante,015,0097 ,0816,341,29,5,32,NA,NA,NA,NA,NA,126
07,Escalante,015,0097 ,0817,341,29,9,38,NA,NA,NA,NA,NA,122
07,Escalante,015,0097 ,0818,341,26,10,41,NA,NA,NA,NA,NA,125
07,Escalante,015,0097 ,0819,341,17,9,46,NA,NA,NA,NA,NA,124
07,Escalante,015,0097 ,0820,341,28,5,29,NA,NA,NA,NA,NA,131
07,Escalante,015,0097 ,0821,341,29,4,40,NA,NA,NA,NA,NA,110
07,Escalante,015,0097 ,0822,341,16,2,47,NA,NA,NA,NA,NA,119
07,Escalante,015,0097 ,0823,341,26,12,35,NA,NA,NA,NA,NA,122
07,Escalante,015,0097 ,0824,341,2,8,41,NA,NA,NA,NA,NA,88
07,Escalante,015,0097 ,0825,341,23,3,39,NA,NA,NA,NA,NA,113
07,Escalante,015,0097 ,0826,341,28,2,45,NA,NA,NA,NA,NA,116
07,Escalante,015,0097 ,0827,341,24,4,47,NA,NA,NA,NA,NA,117
07,Escalante,015,0097 ,0828,341,31,6,48,NA,NA,NA,NA,NA,111
07,Escalante,015,0097 ,0829,341,21,8,43,NA,NA,NA,NA,NA,126
07,Escalante,015,0097 ,0830,341,16,15,32,NA,NA,NA,NA,NA,116
07,Escalante,015,0097 ,0831,341,17,5,27,NA,NA,NA,NA,NA,142
07,Escalante,015,0097 ,0832,341,1,6,34,NA,NA,NA,NA,NA,113
07,Escalante,015,0097 ,0833,341,23,14,40,NA,NA,NA,NA,NA,130
07,Escalante,015,0097 ,0834,341,21,5,32,NA,NA,NA,NA,NA,118
07,Escalante,015,0097 ,0835,341,27,7,38,NA,NA,NA,NA,NA,0
07,Escalante,015,0097 ,0836,341,26,7,45,NA,NA,NA,NA,NA,113
07,Escalante,015,0097 ,0837,341,30,10,48,NA,NA,NA,NA,NA,117
07,Escalante,015,0097 ,0838,341,19,6,45,NA,NA,NA,NA,NA,138
07,Escalante,015,0097 ,0839,340,37,0,46,NA,NA,NA,NA,NA,121
07,Escalante,015,0098 ,0840,345,0,0,0,NA,NA,NA,NA,NA,102
07,Escalante,015,0098 ,0841,345,25,4,37,NA,NA,NA,NA,NA,94
07,Escalante,015,0098 ,0842,345,30,7,40,NA,NA,NA,NA,NA,82
07,Escalante,015,0098 ,0843,345,2,4,27,NA,NA,NA,NA,NA,86
07,Escalante,015,0098 ,0844,345,26,4,54,NA,NA,NA,NA,NA,73
07,Escalante,015,0098 ,0845,345,2,5,18,NA,NA,NA,NA,NA,75
07,Escalante,015,0098 ,0846,344,0,0,45,NA,NA,NA,NA,NA,91
07,Escalante,015,0098 ,0847,344,17,5,62,NA,NA,NA,NA,NA,85
07,Escalante,015,0098 ,0848,344,23,5,44,NA,NA,NA,NA,NA,85
07,Escalante,015,0098 ,0849,344,0,0,43,NA,NA,NA,NA,NA,108
07,Escalante,015,0098 ,0850,344,0,0,0,NA,NA,NA,NA,NA,0
07,Escalante,015,0098 ,0851,343,0,0,0,NA,NA,NA,NA,NA,0
07,Escalante,015,0098 ,0852,344,0,0,0,NA,NA,NA,NA,NA,0
07,Escalante,015,0098 ,0853,344,35,10,27,NA,NA,NA,NA,NA,86
07,Escalante,015,0098 ,0854,344,24,12,37,NA,NA,NA,NA,NA,115
07,Escalante,015,0099 ,0855,324,22,4,27,NA,NA,NA,NA,NA,108
07,Escalante,015,0099 ,0856,324,2,4,37,NA,NA,NA,NA,NA,84
07,Escalante,015,0099 ,0857,324,27,8,31,NA,NA,NA,NA,NA,82
07,Escalante,015,0099 ,0858,323,25,3,43,NA,NA,NA,NA,NA,81
07,Escalante,015,0099 ,0859,323,0,5,37,NA,NA,NA,NA,NA,94
07,Escalante,015,0099 ,0860,323,0,0,34,NA,NA,NA,NA,NA,90
07,Escalante,015,0099 ,0861,323,17,5,32,NA,NA,NA,NA,NA,90
07,Escalante,015,0099 ,0862,323,27,4,29,NA,NA,NA,NA,NA,121
07,Escalante,015,0099 ,0863,323,26,4,35,NA,NA,NA,NA,NA,89
07,Escalante,015,0099 ,0864,323,8,5,24,NA,NA,NA,NA,NA,99
07,Escalante,015,0099 ,0865,322,28,1,38,NA,NA,NA,NA,NA,84
07,Escalante,015,0099 ,0866,323,21,4,35,NA,NA,NA,NA,NA,93
07,Escalante,015,0100 ,0867,338,15,5,40,NA,NA,NA,NA,NA,108
07,Escalante,015,0100 ,0868,338,18,10,39,NA,NA,NA,NA,NA,103
07,Escalante,015,0100 ,0869,338,24,5,37,NA,NA,NA,NA,NA,100
07,Escalante,015,0100 ,0870,338,24,5,48,NA,NA,NA,NA,NA,93
07,Escalante,015,0100 ,0871,337,25,1,41,NA,NA,NA,NA,NA,81
07,Escalante,015,0100 ,0872,338,17,12,41,NA,NA,NA,NA,NA,96
07,Escalante,015,0100 ,0873,338,27,6,54,NA,NA,NA,NA,NA,99
07,Escalante,015,0100 ,0874,338,0,0,43,NA,NA,NA,NA,NA,122
07,Escalante,015,0100 ,0875,338,0,0,53,NA,NA,NA,NA,NA,96
07,Escalante,015,0100 ,0876,337,24,10,38,NA,NA,NA,NA,NA,102
07,Escalante,015,0100 ,0877,338,20,8,39,NA,NA,NA,NA,NA,110
07,Escalante,015,0100 ,0878,337,0,0,38,NA,NA,NA,NA,NA,96
07,Escalante,015,0100 ,0879,337,42,5,41,NA,NA,NA,NA,NA,117
07,Escalante,015,0100 ,0880,337,26,4,48,NA,NA,NA,NA,NA,120
07,Escalante,015,0101 ,0881,334,0,0,32,NA,NA,NA,NA,NA,166
07,Escalante,015,0101 ,0882,334,0,0,26,NA,NA,NA,NA,NA,163
07,Escalante,015,0101 ,0883,334,14,10,36,NA,NA,NA,NA,NA,156
07,Escalante,015,0101 ,0884,334,23,9,16,NA,NA,NA,NA,NA,172
07,Escalante,015,0101 ,0885,334,22,3,19,NA,NA,NA,NA,NA,173
07,Escalante,015,0101 ,0886,334,0,0,24,NA,NA,NA,NA,NA,181
07,Escalante,015,0101 ,0887,334,40,9,28,NA,NA,NA,NA,NA,169
07,Escalante,015,0101 ,0888,333,25,0,17,NA,NA,NA,NA,NA,159
07,Escalante,015,0101 ,0889,333,29,0,29,NA,NA,NA,NA,NA,166
07,Escalante,015,0101 ,0890,333,40,0,28,NA,NA,NA,NA,NA,180
07,Escalante,015,0102 ,0891,342,1,31,44,NA,NA,NA,NA,NA,146
07,Escalante,015,0102 ,0892,342,3,2,21,NA,NA,NA,NA,NA,164
07,Escalante,015,0102 ,0893,342,21,8,28,NA,NA,NA,NA,NA,153
07,Escalante,015,0102 ,0894,342,18,6,26,NA,NA,NA,NA,NA,168
07,Escalante,015,0102 ,0895,342,17,8,24,NA,NA,NA,NA,NA,161
07,Escalante,015,0102 ,0896,342,0,0,37,NA,NA,NA,NA,NA,144
07,Escalante,015,0102 ,0897,342,37,0,20,NA,NA,NA,NA,NA,144
07,Escalante,015,0102 ,0898,342,22,3,40,NA,NA,NA,NA,NA,160
07,Escalante,015,0102 ,0899,341,36,5,38,NA,NA,NA,NA,NA,139
07,Escalante,015,0102 ,0900,341,16,6,31,NA,NA,NA,NA,NA,168
07,Escalante,015,0102 ,0901,341,28,4,27,NA,NA,NA,NA,NA,170
07,Escalante,015,0102 ,0902,341,18,6,35,NA,NA,NA,NA,NA,180
07,Escalante,015,0102 ,0903,341,21,5,27,NA,NA,NA,NA,NA,170
07,Escalante,015,0102 ,0904,341,21,8,29,NA,NA,NA,NA,NA,153
07,Escalante,015,0102 ,0905,341,22,4,29,NA,NA,NA,NA,NA,146
07,Escalante,015,0102 ,0906,341,24,1,27,NA,NA,NA,NA,NA,176
07,Escalante,015,0102 ,0907,341,22,8,30,NA,NA,NA,NA,NA,168
07,Escalante,015,0102 ,0908,341,20,8,30,NA,NA,NA,NA,NA,150
07,Escalante,015,0102 ,0909,341,10,6,45,NA,NA,NA,NA,NA,147
07,Escalante,015,0103 ,0910,337,40,13,27,NA,NA,NA,NA,NA,166
07,Escalante,015,0103 ,0911,337,22,8,19,NA,NA,NA,NA,NA,171
07,Escalante,015,0103 ,0912,337,0,0,23,NA,NA,NA,NA,NA,184
07,Escalante,015,0103 ,0913,337,37,3,29,NA,NA,NA,NA,NA,159
07,Escalante,015,0103 ,0914,337,10,16,22,NA,NA,NA,NA,NA,180
07,Escalante,015,0103 ,0915,337,3,4,28,NA,NA,NA,NA,NA,146
07,Escalante,015,0103 ,0916,337,20,5,17,NA,NA,NA,NA,NA,164
07,Escalante,015,0103 ,0917,337,0,0,0,NA,NA,NA,NA,NA,0
07,Escalante,015,0103 ,0918,337,26,11,26,NA,NA,NA,NA,NA,164
07,Escalante,015,0103 ,0919,337,0,12,22,NA,NA,NA,NA,NA,173
07,Escalante,015,0103 ,0920,337,0,0,22,NA,NA,NA,NA,NA,145
07,Escalante,015,0103 ,0921,336,24,12,18,NA,NA,NA,NA,NA,164
07,Escalante,015,0103 ,0922,337,29,5,22,NA,NA,NA,NA,NA,169
07,Escalante,015,0103 ,0923,336,18,15,20,NA,NA,NA,NA,NA,176
07,Escalante,015,0103 ,0924,337,22,0,32,NA,NA,NA,NA,NA,168
07,Escalante,015,0103 ,0925,337,0,0,25,NA,NA,NA,NA,NA,170
07,Escalante,015,0103 ,0926,337,2,7,17,NA,NA,NA,NA,NA,157
07,Escalante,015,0103 ,0927,336,31,5,17,NA,NA,NA,NA,NA,172
07,Escalante,015,0103 ,0928,336,0,0,25,NA,NA,NA,NA,NA,173
07,Escalante,015,0103 ,0929,335,25,10,27,NA,NA,NA,NA,NA,169
07,Escalante,015,0103 ,0930,336,10,0,23,NA,NA,NA,NA,NA,166
07,Escalante,015,0103 ,0931,336,28,5,15,NA,NA,NA,NA,NA,179
07,Escalante,015,0104 ,0932,341,22,5,21,NA,NA,NA,NA,NA,190
07,Escalante,015,0104 ,0933,341,17,10,22,NA,NA,NA,NA,NA,181
07,Escalante,015,0104 ,0934,341,18,7,17,NA,NA,NA,NA,NA,166
07,Escalante,015,0104 ,0935,341,0,0,21,NA,NA,NA,NA,NA,188
07,Escalante,015,0104 ,0936,341,17,8,27,NA,NA,NA,NA,NA,189
07,Escalante,015,0104 ,0937,341,25,16,19,NA,NA,NA,NA,NA,156
07,Escalante,015,0104 ,0938,341,21,10,13,NA,NA,NA,NA,NA,179
07,Escalante,015,0104 ,0939,341,0,0,25,NA,NA,NA,NA,NA,158
07,Escalante,015,0104 ,0940,341,12,13,21,NA,NA,NA,NA,NA,157
07,Escalante,015,0104 ,0941,340,20,7,24,NA,NA,NA,NA,NA,172
07,Escalante,015,0104 ,0942,340,22,11,24,NA,NA,NA,NA,NA,180
07,Escalante,015,0104 ,0943,340,16,6,29,NA,NA,NA,NA,NA,179
07,Escalante,015,0104 ,0944,340,0,0,22,NA,NA,NA,NA,NA,173
07,Escalante,015,0104 ,0945,340,0,7,10,NA,NA,NA,NA,NA,185
07,Escalante,015,0104 ,0946,340,19,9,21,NA,NA,NA,NA,NA,185
07,Escalante,015,0104 ,0947,340,22,3,30,NA,NA,NA,NA,NA,195
07,Escalante,015,0104 ,0948,340,24,9,21,NA,NA,NA,NA,NA,160
07,Escalante,015,0104 ,0949,340,22,8,25,NA,NA,NA,NA,NA,173
07,Escalante,015,0104 ,0950,340,2,12,26,NA,NA,NA,NA,NA,167
07,Escalante,015,0105 ,0951,345,21,6,43,NA,NA,NA,NA,NA,178
07,Escalante,015,0105 ,0952,345,28,13,46,NA,NA,NA,NA,NA,146
07,Escalante,015,0105 ,0953,345,3,36,42,NA,NA,NA,NA,NA,155
07,Escalante,015,0105 ,0954,345,15,0,30,NA,NA,NA,NA,NA,166
07,Escalante,015,0105 ,0955,345,24,13,42,NA,NA,NA,NA,NA,170
07,Escalante,015,0105 ,0956,344,0,0,25,NA,NA,NA,NA,NA,187
07,Escalante,015,0105 ,0957,345,27,10,38,NA,NA,NA,NA,NA,163
07,Escalante,015,0105 ,0958,345,26,10,33,NA,NA,NA,NA,NA,165
07,Escalante,015,0105 ,0959,345,25,15,22,NA,NA,NA,NA,NA,187
07,Escalante,015,0105 ,0960,345,20,5,29,NA,NA,NA,NA,NA,192
07,Escalante,015,0105 ,0961,345,21,9,30,NA,NA,NA,NA,NA,161
07,Escalante,015,0105 ,0962,345,19,15,29,NA,NA,NA,NA,NA,158
07,Escalante,015,0105 ,0963,345,23,8,49,NA,NA,NA,NA,NA,149
07,Escalante,015,0105 ,0964,345,1,4,40,NA,NA,NA,NA,NA,147
07,Escalante,015,0105 ,0965,345,31,0,31,NA,NA,NA,NA,NA,154
07,Escalante,015,0105 ,0966,345,26,9,26,NA,NA,NA,NA,NA,168
07,Escalante,015,0105 ,0967,345,16,9,36,NA,NA,NA,NA,NA,178
07,Escalante,015,0105 ,0968,345,24,7,37,NA,NA,NA,NA,NA,163
07,Escalante,015,0105 ,0969,345,66,9,34,NA,NA,NA,NA,NA,151
07,Escalante,015,0105 ,0970,345,32,6,33,NA,NA,NA,NA,NA,167
07,Escalante,015,0105 ,0971,345,14,6,32,NA,NA,NA,NA,NA,169
07,Escalante,015,0105 ,0972,345,28,9,25,NA,NA,NA,NA,NA,170
07,Escalante,015,0105 ,0973,345,0,0,28,NA,NA,NA,NA,NA,163
07,Escalante,015,0105 ,0974,345,3,11,37,NA,NA,NA,NA,NA,179
07,Escalante,015,0105 ,0975,345,0,5,45,NA,NA,NA,NA,NA,159
07,Escalante,015,0105 ,0976,345,16,3,23,NA,NA,NA,NA,NA,199
07,Escalante,015,0105 ,0977,345,28,0,24,NA,NA,NA,NA,NA,181
07,Escalante,015,0105 ,0978,345,27,10,32,NA,NA,NA,NA,NA,161
07,Escalante,015,0105 ,0979,345,0,0,37,NA,NA,NA,NA,NA,0
07,Escalante,015,0105 ,0980,345,0,0,27,NA,NA,NA,NA,NA,181
07,Escalante,015,0105 ,0981,345,30,7,35,NA,NA,NA,NA,NA,161
07,Escalante,015,0105 ,0982,345,1,26,25,NA,NA,NA,NA,NA,165
07,Escalante,015,0105 ,0983,345,13,1,21,NA,NA,NA,NA,NA,163
07,Escalante,015,0105 ,0984,344,23,9,23,NA,NA,NA,NA,NA,177
07,Escalante,015,0105 ,0985,344,22,4,27,NA,NA,NA,NA,NA,187
07,Escalante,015,0105 ,0986,344,0,0,39,NA,NA,NA,NA,NA,164
07,Escalante,015,0105 ,0987,344,1,14,31,NA,NA,NA,NA,NA,187
07,Escalante,015,0105 ,0988,344,34,0,38,NA,NA,NA,NA,NA,172
07,Escalante,015,0105 ,0989,344,0,24,32,NA,NA,NA,NA,NA,153
07,Escalante,015,0105 ,0990,344,46,0,30,NA,NA,NA,NA,NA,161
07,Escalante,015,0105 ,0991,344,21,7,25,NA,NA,NA,NA,NA,190
07,Escalante,015,0105 ,0992,344,9,1,36,NA,NA,NA,NA,NA,0
07,Escalante,015,0105 ,0993,344,31,8,20,NA,NA,NA,NA,NA,188
07,Escalante,015,0105 ,0994,344,54,12,28,NA,NA,NA,NA,NA,166
07,Escalante,015,0106 ,0995,345,19,7,43,NA,NA,NA,NA,NA,137
07,Escalante,015,0106 ,0996,344,16,7,41,NA,NA,NA,NA,NA,132
07,Escalante,015,0106 ,0997,344,27,5,43,NA,NA,NA,NA,NA,99
07,Escalante,015,0106 ,0998,344,20,7,41,NA,NA,NA,NA,NA,122
07,Escalante,015,0106 ,0999,344,23,8,53,NA,NA,NA,NA,NA,114
07,Escalante,015,0106 ,1000,344,34,2,42,NA,NA,NA,NA,NA,116
07,Escalante,015,0106 ,1001,344,14,4,36,NA,NA,NA,NA,NA,126
07,Escalante,015,0106 ,1002,342,13,3,59,NA,NA,NA,NA,NA,108
07,Escalante,015,0106 ,1003,343,25,9,53,NA,NA,NA,NA,NA,119
07,Escalante,015,0106 ,1004,344,30,4,44,NA,NA,NA,NA,NA,132
07,Escalante,015,0106 ,1005,344,0,0,47,NA,NA,NA,NA,NA,105
07,Escalante,015,0106 ,1006,344,0,10,37,NA,NA,NA,NA,NA,115
07,Escalante,015,0106 ,1007,345,0,0,45,NA,NA,NA,NA,NA,97
07,Escalante,015,0106 ,1008,342,0,0,9,NA,NA,NA,NA,NA,107
07,Escalante,015,0106 ,1009,343,27,10,41,NA,NA,NA,NA,NA,126
07,Escalante,015,0107 ,1010,340,20,10,42,NA,NA,NA,NA,NA,132
07,Escalante,015,0107 ,1011,339,0,0,0,NA,NA,NA,NA,NA,0
07,Escalante,015,0107 ,1012,340,0,0,44,NA,NA,NA,NA,NA,144
07,Escalante,015,0107 ,1013,340,22,7,29,NA,NA,NA,NA,NA,146
07,Escalante,015,0107 ,1014,339,29,12,42,NA,NA,NA,NA,NA,104
07,Escalante,015,0107 ,1015,339,2,7,37,NA,NA,NA,NA,NA,0
07,Escalante,015,0107 ,1016,339,26,6,34,NA,NA,NA,NA,NA,157
07,Escalante,015,0107 ,1017,340,1,12,40,NA,NA,NA,NA,NA,141
07,Escalante,015,0107 ,1018,339,29,6,44,NA,NA,NA,NA,NA,133
07,Escalante,015,0107 ,1019,340,34,7,41,NA,NA,NA,NA,NA,125
07,Escalante,015,0107 ,1020,340,25,7,36,NA,NA,NA,NA,NA,149
07,Escalante,015,0107 ,1021,340,20,7,43,NA,NA,NA,NA,NA,141
07,Escalante,015,0107 ,1022,339,20,13,36,NA,NA,NA,NA,NA,133
07,Escalante,015,0107 ,1023,340,0,0,45,NA,NA,NA,NA,NA,138
07,Escalante,015,0107 ,1024,341,38,0,37,NA,NA,NA,NA,NA,133
07,Escalante,015,0107 ,1025,338,19,8,41,NA,NA,NA,NA,NA,165
07,Escalante,015,0107 ,1026,339,22,12,33,NA,NA,NA,NA,NA,132
07,Escalante,015,0107 ,1027,338,21,11,33,NA,NA,NA,NA,NA,150
07,Escalante,015,0107 ,1028,338,25,5,32,NA,NA,NA,NA,NA,156
07,Escalante,015,0107 ,1029,338,26,9,30,NA,NA,NA,NA,NA,160
07,Escalante,015,0107 ,1030,338,15,9,51,NA,NA,NA,NA,NA,0
07,Escalante,015,0107 ,1031,339,25,9,34,NA,NA,NA,NA,NA,137
07,Escalante,015,0107 ,1032,338,36,10,42,NA,NA,NA,NA,NA,132
07,Escalante,015,0107 ,1033,338,33,5,35,NA,NA,NA,NA,NA,137
07,Escalante,015,0107 ,1034,338,27,8,38,NA,NA,NA,NA,NA,154
07,Escalante,015,0107 ,1035,338,21,5,29,NA,NA,NA,NA,NA,158
07,Escalante,015,0107 ,1036,340,4,3,42,NA,NA,NA,NA,NA,140
07,Escalante,015,0107 ,1037,338,13,10,45,NA,NA,NA,NA,NA,162
07,Escalante,015,0107 ,1038,339,25,5,51,NA,NA,NA,NA,NA,145
07,Escalante,015,0108 ,1039,316,19,7,16,NA,NA,NA,NA,NA,151
07,Escalante,015,0108 ,1040,315,39,0,21,NA,NA,NA,NA,NA,135
07,Escalante,015,0108 ,1041,313,12,6,25,NA,NA,NA,NA,NA,149
07,Escalante,015,0108 ,1042,312,13,6,26,NA,NA,NA,NA,NA,137
07,Escalante,015,0108 ,1043,313,16,7,23,NA,NA,NA,NA,NA,133
07,Escalante,015,0108 ,1044,313,26,8,23,NA,NA,NA,NA,NA,138
07,Escalante,015,0108 ,1045,314,4,10,15,NA,NA,NA,NA,NA,144
07,Escalante,015,0109 ,1046,350,4,13,28,NA,NA,NA,NA,NA,202
07,Escalante,015,0109 ,1047,350,0,0,18,NA,NA,NA,NA,NA,195
07,Escalante,015,0109 ,1048,351,37,9,26,NA,NA,NA,NA,NA,220
07,Escalante,015,0109 ,1049,350,0,14,25,NA,NA,NA,NA,NA,204
07,Escalante,015,0109 ,1050,350,0,0,0,NA,NA,NA,NA,NA,0
07,Escalante,015,0109 ,1051,351,0,0,0,NA,NA,NA,NA,NA,0
07,Escalante,015,0109 ,1052,352,19,5,19,NA,NA,NA,NA,NA,201
07,Escalante,015,0109 ,1053,352,9,6,15,NA,NA,NA,NA,NA,225
07,Escalante,015,0109 ,1054,351,17,6,19,NA,NA,NA,NA,NA,188
07,Escalante,015,0109 ,1055,350,5,11,21,NA,NA,NA,NA,NA,199
07,Escalante,015,0109 ,1056,352,1,2,31,NA,NA,NA,NA,NA,190
07,Escalante,015,0109 ,1057,350,0,0,39,NA,NA,NA,NA,NA,189
07,Escalante,015,0109 ,1058,350,0,0,0,NA,NA,NA,NA,NA,0
07,Escalante,015,0109 ,1059,351,35,4,19,NA,NA,NA,NA,NA,188
07,Escalante,015,0109 ,1060,350,0,7,23,NA,NA,NA,NA,NA,165
07,Escalante,015,0109 ,1061,351,0,0,16,NA,NA,NA,NA,NA,219
07,Escalante,015,0109 ,1062,351,0,0,13,NA,NA,NA,NA,NA,199
07,Escalante,015,0109 ,1063,349,0,0,16,NA,NA,NA,NA,NA,201
07,Escalante,015,0109 ,1064,349,2,8,21,NA,NA,NA,NA,NA,204
07,Escalante,015,0109 ,1065,350,21,13,0,NA,NA,NA,NA,NA,199
07,Escalante,015,0109 ,1066,349,30,6,23,NA,NA,NA,NA,NA,205
07,Escalante,015,0109 ,1067,350,19,8,17,NA,NA,NA,NA,NA,219
07,Escalante,015,0109 ,1068,350,23,7,25,NA,NA,NA,NA,NA,187
07,Escalante,015,0109 ,1069,349,0,0,24,NA,NA,NA,NA,NA,233
07,Escalante,015,0109 ,1070,351,33,2,25,NA,NA,NA,NA,NA,190
07,Escalante,015,0109 ,1071,349,0,0,13,NA,NA,NA,NA,NA,189
07,Escalante,015,0109 ,1072,350,20,8,18,NA,NA,NA,NA,NA,201
07,Escalante,015,0109 ,1073,350,13,0,28,NA,NA,NA,NA,NA,189
07,Escalante,015,0109 ,1074,350,2,11,19,NA,NA,NA,NA,NA,175
07,Escalante,015,0109 ,1075,349,24,0,14,NA,NA,NA,NA,NA,199
07,Escalante,015,0109 ,1076,350,20,9,13,NA,NA,NA,NA,NA,203
07,Escalante,015,0109 ,1077,350,18,6,26,NA,NA,NA,NA,NA,198
07,Escalante,015,0109 ,1078,349,21,9,28,NA,NA,NA,NA,NA,205
07,Escalante,015,0109 ,1079,349,24,4,23,NA,NA,NA,NA,NA,198
07,Escalante,015,0109 ,1080,349,3,29,20,NA,NA,NA,NA,NA,198
07,Escalante,015,0109 ,1081,349,23,7,13,NA,NA,NA,NA,NA,203
07,Escalante,015,0109 ,1082,350,13,10,20,NA,NA,NA,NA,NA,202
07,Escalante,015,0109 ,1083,349,37,0,23,NA,NA,NA,NA,NA,0
07,Escalante,015,0109 ,1084,349,28,12,36,NA,NA,NA,NA,NA,179
