codprov,depto,coddepto,circuito,mesa,electores,blancos,nulos,0014,0022,0047,0101,0227,0228,0229
16,Adolfo Alsina                           ,001,0001 ,0001,388,2,10,5,10,17,97,126,6,9
16,Adolfo Alsina                           ,001,0001 ,0002,388,5,19,2,7,30,88,151,5,6
16,Adolfo Alsina                           ,001,0001 ,0003,388,5,13,3,6,17,96,132,2,10
16,Adolfo Alsina                           ,001,0001 ,0004,388,7,9,1,10,27,97,139,2,6
16,Adolfo Alsina                           ,001,0001 ,0005,388,6,12,2,6,21,98,118,7,6
16,Adolfo Alsina                           ,001,0001 ,0006,388,5,4,7,7,49,87,124,9,7
16,Adolfo Alsina                           ,001,0001 ,0007,388,2,6,4,7,37,91,138,8,6
16,Adolfo Alsina                           ,001,0001 ,0008,388,5,9,2,6,29,92,155,5,10
16,Adolfo Alsina                           ,001,0001 ,0009,388,6,11,1,7,27,100,147,7,10
16,Adolfo Alsina                           ,001,0001 ,0010,388,5,10,2,6,39,78,142,8,9
16,Adolfo Alsina                           ,001,0001 ,0011,388,4,15,7,8,23,109,139,3,7
16,Adolfo Alsina                           ,001,0001 ,0012,388,2,8,5,6,25,114,138,4,8
16,Adolfo Alsina                           ,001,0001 ,0013,388,0,8,1,12,27,104,133,8,10
16,Adolfo Alsina                           ,001,0001 ,0014,388,5,14,6,7,33,89,127,2,7
16,Adolfo Alsina                           ,001,0001 ,0015,388,6,8,9,11,35,90,124,2,6
16,Adolfo Alsina                           ,001,0001 ,0016,388,2,11,2,5,19,121,137,8,6
16,Adolfo Alsina                           ,001,0001 ,0017,388,2,17,2,7,22,84,137,9,5
16,Adolfo Alsina                           ,001,0001 ,0018,388,4,12,3,7,24,87,156,4,12
16,Adolfo Alsina                           ,001,0001 ,0019,388,4,10,10,1,30,93,130,7,11
16,Adolfo Alsina                           ,001,0001 ,0020,388,3,17,3,4,29,87,136,10,10
16,Adolfo Alsina                           ,001,0001 ,0021,388,4,21,4,6,24,86,142,5,7
16,Adolfo Alsina                           ,001,0001 ,0022,388,3,10,4,5,27,102,142,7,7
16,Adolfo Alsina                           ,001,0001 ,0023,388,3,13,6,11,22,112,142,5,6
16,Adolfo Alsina                           ,001,0001 ,0024,388,7,9,4,8,31,79,148,6,10
16,Adolfo Alsina                           ,001,0001 ,0025,388,4,10,2,4,32,81,132,11,12
16,Adolfo Alsina                           ,001,0001 ,0026,388,3,9,0,7,28,106,143,4,9
16,Adolfo Alsina                           ,001,0001 ,0027,388,3,10,4,3,29,92,151,5,10
16,Adolfo Alsina                           ,001,0001 ,0028,388,1,6,2,4,30,92,141,6,7
16,Adolfo Alsina                           ,001,0001 ,0029,388,1,9,5,8,18,102,140,4,5
16,Adolfo Alsina                           ,001,0001 ,0030,388,5,10,3,13,32,76,140,5,7
16,Adolfo Alsina                           ,001,0001 ,0031,388,5,20,5,5,20,100,131,9,7
16,Adolfo Alsina                           ,001,0001 ,0032,388,3,9,2,4,23,103,145,2,10
16,Adolfo Alsina                           ,001,0001 ,0033,388,2,12,4,5,22,94,145,3,9
16,Adolfo Alsina                           ,001,0001 ,0034,388,3,8,4,6,21,93,162,4,5
16,Adolfo Alsina                           ,001,0001 ,0035,388,4,10,4,8,24,76,150,3,14
16,Adolfo Alsina                           ,001,0001 ,0036,388,0,8,5,8,24,103,130,5,6
16,Adolfo Alsina                           ,001,0001 ,0037,388,4,13,8,10,21,91,140,7,7
16,Adolfo Alsina                           ,001,0001 ,0038,388,1,8,2,14,31,86,128,9,12
16,Adolfo Alsina                           ,001,0001 ,0039,388,2,15,7,3,25,108,141,4,6
16,Adolfo Alsina                           ,001,0001 ,0040,388,4,17,3,15,31,76,151,5,7
16,Adolfo Alsina                           ,001,0001 ,0041,388,5,14,3,8,36,69,138,6,9
16,Adolfo Alsina                           ,001,0001 ,0042,387,3,7,1,6,21,113,148,5,4
16,Adolfo Alsina                           ,001,0001 ,0043,387,5,15,8,2,24,99,155,7,8
16,Adolfo Alsina                           ,001,0001 ,0044,387,3,11,7,4,38,75,133,6,8
16,Adolfo Alsina                           ,001,0001 ,0045,387,4,11,4,3,32,99,139,2,9
16,Adolfo Alsina                           ,001,0001 ,0046,387,3,7,5,7,31,94,118,7,8
16,Adolfo Alsina                           ,001,0001 ,0047,387,2,8,2,9,24,89,123,7,15
16,Adolfo Alsina                           ,001,0001 ,0048,387,3,9,3,3,33,91,150,6,10
16,Adolfo Alsina                           ,001,0001 ,0049,387,4,11,3,11,32,90,141,2,6
16,Adolfo Alsina                           ,001,0001 ,0050,387,3,11,7,8,33,89,128,4,10
16,Adolfo Alsina                           ,001,0001 ,0538,391,2,8,5,4,19,88,135,6,7
16,Adolfo Alsina                           ,001,0001 ,0539,391,4,16,5,0,23,87,121,6,7
16,Adolfo Alsina                           ,001,0001 ,0540,391,6,10,7,0,26,110,107,13,11
16,Adolfo Alsina                           ,001,0001 ,0541,391,6,11,5,11,18,83,143,3,7
16,Adolfo Alsina                           ,001,0001 ,0542,391,6,6,3,5,26,91,130,2,6
16,Adolfo Alsina                           ,001,0001 ,0543,391,4,11,3,3,24,99,138,3,7
16,Adolfo Alsina                           ,001,0001 ,0544,391,5,6,5,2,25,105,124,9,10
16,Adolfo Alsina                           ,001,0001 ,0545,391,7,21,4,8,12,97,127,4,7
16,Adolfo Alsina                           ,001,0001 ,0546,391,4,14,9,10,19,97,129,4,7
16,Adolfo Alsina                           ,001,0001 ,0547,391,4,12,5,11,19,96,135,7,5
16,Adolfo Alsina                           ,001,0001 ,0548,391,6,16,5,10,17,99,110,9,8
16,Adolfo Alsina                           ,001,0001 ,0549,391,8,4,7,6,16,123,114,3,11
16,Adolfo Alsina                           ,001,0001 ,0550,391,6,11,7,5,19,92,131,3,7
16,Adolfo Alsina                           ,001,0001 ,0551,391,6,12,13,4,16,102,125,6,3
16,Adolfo Alsina                           ,001,0001 ,0552,391,4,2,5,4,36,103,127,3,5
16,Adolfo Alsina                           ,001,0001 ,0553,391,3,16,4,4,18,83,123,7,7
16,Adolfo Alsina                           ,001,0001 ,0554,391,3,11,8,2,24,95,135,7,9
16,Adolfo Alsina                           ,001,0001 ,0555,391,3,17,1,8,20,98,137,14,3
16,Adolfo Alsina                           ,001,0001 ,0556,391,5,16,4,8,19,92,130,4,7
16,Adolfo Alsina                           ,001,0001 ,0557,391,1,9,8,7,27,106,116,2,15
16,Adolfo Alsina                           ,001,0001 ,0558,391,3,17,5,9,21,100,125,2,4
16,Adolfo Alsina                           ,001,0001 ,0559,391,1,9,7,8,15,114,132,9,12
16,Adolfo Alsina                           ,001,0001 ,0560,391,5,14,10,3,26,93,120,5,9
16,Adolfo Alsina                           ,001,0001 ,0561,391,3,6,5,11,17,105,124,7,11
16,Adolfo Alsina                           ,001,0001 ,0562,391,8,8,1,6,21,99,147,6,9
16,Adolfo Alsina                           ,001,0001 ,0563,391,5,10,6,7,17,85,141,1,10
16,Adolfo Alsina                           ,001,0001 ,0564,391,5,12,1,3,20,102,104,4,10
16,Adolfo Alsina                           ,001,0001 ,0565,391,5,20,2,5,19,105,113,9,11
16,Adolfo Alsina                           ,001,0001 ,0566,391,3,6,7,4,21,94,111,6,4
16,Adolfo Alsina                           ,001,0001 ,0567,390,12,0,1,11,24,107,117,3,9
16,Adolfo Alsina                           ,001,0001 ,0568,390,6,8,2,3,18,86,150,8,9
16,Adolfo Alsina                           ,001,0001 ,0569,390,5,18,4,3,16,97,141,5,4
16,Adolfo Alsina                           ,001,0001 ,0570,390,2,13,3,2,26,84,141,4,8
16,Adolfo Alsina                           ,001,0001 ,0571,390,5,13,4,5,19,95,119,5,11
16,Adolfo Alsina                           ,001,0001 ,0572,390,10,15,5,10,15,103,110,5,13
16,Adolfo Alsina                           ,001,0001 ,0573,390,2,6,4,6,38,100,100,5,10
16,Adolfo Alsina                           ,001,0001 ,0574,390,3,15,4,4,12,117,119,4,17
16,Adolfo Alsina                           ,001,0001 ,0575,390,8,5,4,4,25,93,132,7,1
16,Adolfo Alsina                           ,001,0001 ,0576,390,3,13,7,5,19,96,105,2,10
16,Adolfo Alsina                           ,001,0001 ,0577,390,4,13,7,5,23,93,128,9,4
16,Adolfo Alsina                           ,001,0001 ,0578,390,3,14,3,9,10,105,119,7,7
16,Adolfo Alsina                           ,001,0001 ,0579,390,7,4,5,2,29,79,135,6,10
16,Adolfo Alsina                           ,001,0001 ,0580,390,6,6,6,1,39,90,128,5,9
16,Adolfo Alsina                           ,001,0001 ,0581,390,3,11,2,6,24,97,130,6,6
16,Adolfo Alsina                           ,001,0001 ,0582,390,7,6,3,6,18,100,119,1,10
16,Adolfo Alsina                           ,001,0001 ,0583,390,1,10,5,1,24,96,121,13,7
16,Adolfo Alsina                           ,001,0001 ,0584,390,6,12,6,12,33,89,122,5,6
16,Adolfo Alsina                           ,001,0002 ,0051,211,1,8,2,4,6,56,71,2,5
16,Adolfo Alsina                           ,001,0002 ,0052,210,0,9,1,1,4,64,79,2,4
16,Adolfo Alsina                           ,001,0002 ,0585,305,0,11,3,6,11,73,93,0,7
16,Adolfo Alsina                           ,001,0002 ,0586,305,5,5,2,4,5,91,90,2,7
16,Adolfo Alsina                           ,001,0003 ,0587,24,0,0,0,0,0,1,8,0,1
16,Adolfo Alsina                           ,001,0004 ,0054,286,3,6,0,0,4,132,75,1,3
16,Adolfo Alsina                           ,001,0004 ,0588,366,1,10,0,4,4,156,94,4,1
16,Adolfo Alsina                           ,001,0004A,0589,7,0,0,0,0,0,2,0,0,0
16,Conesa                                  ,002,0007 ,0056,362,6,5,1,8,5,104,133,4,12
16,Conesa                                  ,002,0007 ,0057,362,3,7,3,4,6,114,122,1,4
16,Conesa                                  ,002,0007 ,0058,361,1,8,1,4,6,115,131,3,4
16,Conesa                                  ,002,0007 ,0059,361,4,9,0,5,9,95,125,2,5
16,Conesa                                  ,002,0007 ,0060,361,4,9,2,1,9,116,130,2,5
16,Conesa                                  ,002,0007 ,0061,361,2,4,3,4,3,115,134,1,10
16,Conesa                                  ,002,0007 ,0590,367,2,8,4,6,11,82,121,5,12
16,Conesa                                  ,002,0007 ,0591,366,3,4,4,4,7,92,121,7,6
16,Conesa                                  ,002,0007 ,0592,366,3,8,1,3,6,102,120,2,3
16,Conesa                                  ,002,0007 ,0593,366,3,10,3,4,4,112,121,2,4
16,Conesa                                  ,002,0007 ,0594,366,7,0,3,3,3,100,132,3,5
16,Conesa                                  ,002,0007 ,0595,366,5,11,4,4,4,102,121,1,3
16,Conesa                                  ,002,0007A,0596,81,0,3,0,0,0,25,22,0,1
16,Conesa                                  ,002,0008 ,0597,64,0,1,0,0,0,16,19,0,1
16,San Antonio Oeste                       ,003,0009 ,0064,378,3,9,6,4,19,123,134,2,10
16,San Antonio Oeste                       ,003,0009 ,0065,378,0,8,3,10,17,117,125,0,4
16,San Antonio Oeste                       ,003,0009 ,0066,378,7,6,3,3,11,135,116,1,11
16,San Antonio Oeste                       ,003,0009 ,0067,378,1,14,3,2,15,104,135,6,7
16,San Antonio Oeste                       ,003,0009 ,0068,378,7,5,3,6,16,107,127,4,7
16,San Antonio Oeste                       ,003,0009 ,0069,378,2,5,3,5,29,129,105,1,14
16,San Antonio Oeste                       ,003,0009 ,0070,378,3,4,3,3,12,127,123,3,13
16,San Antonio Oeste                       ,003,0009 ,0071,378,5,5,3,5,21,132,87,4,13
16,San Antonio Oeste                       ,003,0009 ,0072,378,6,10,7,1,26,111,127,4,5
16,San Antonio Oeste                       ,003,0009 ,0073,378,3,13,3,4,19,108,130,3,5
16,San Antonio Oeste                       ,003,0009 ,0074,378,4,6,6,4,14,136,116,3,6
16,San Antonio Oeste                       ,003,0009 ,0075,377,0,7,3,3,19,120,126,4,16
16,San Antonio Oeste                       ,003,0009 ,0076,377,2,11,2,6,17,127,103,2,9
16,San Antonio Oeste                       ,003,0009 ,0077,377,4,8,3,7,12,100,134,5,8
16,San Antonio Oeste                       ,003,0009 ,0598,393,3,6,7,2,15,117,109,3,16
16,San Antonio Oeste                       ,003,0009 ,0599,393,4,7,5,2,10,127,109,1,9
16,San Antonio Oeste                       ,003,0009 ,0600,393,2,7,3,5,0,127,86,1,13
16,San Antonio Oeste                       ,003,0009 ,0601,392,2,11,2,6,23,117,108,3,12
16,San Antonio Oeste                       ,003,0009 ,0602,392,6,5,6,6,15,114,99,9,10
16,San Antonio Oeste                       ,003,0009 ,0603,392,4,9,6,6,16,155,72,4,13
16,San Antonio Oeste                       ,003,0009 ,0604,392,6,4,4,4,17,127,107,3,6
16,San Antonio Oeste                       ,003,0009 ,0605,392,6,12,3,6,16,101,111,4,5
16,San Antonio Oeste                       ,003,0009 ,0606,392,6,13,7,3,15,112,127,4,14
16,San Antonio Oeste                       ,003,0009 ,0607,392,5,11,5,4,11,126,90,6,17
16,San Antonio Oeste                       ,003,0009 ,0608,392,11,8,8,5,12,135,99,1,13
16,San Antonio Oeste                       ,003,0009 ,0609,392,6,8,4,2,17,120,106,7,8
16,San Antonio Oeste                       ,003,0009 ,0610,392,7,11,2,6,12,127,87,5,19
16,San Antonio Oeste                       ,003,0009 ,0611,392,6,11,2,1,9,128,95,6,7
16,San Antonio Oeste                       ,003,0009A,0078,276,1,12,6,2,19,97,60,5,11
16,San Antonio Oeste                       ,003,0009A,0079,276,1,8,3,10,21,81,51,11,6
16,San Antonio Oeste                       ,003,0009A,0080,275,3,7,6,2,25,93,54,6,9
16,San Antonio Oeste                       ,003,0009A,0612,333,0,8,8,9,20,115,53,4,13
16,San Antonio Oeste                       ,003,0009A,0613,333,2,5,3,9,19,110,70,11,9
16,San Antonio Oeste                       ,003,0009A,0614,332,4,11,5,8,22,110,51,8,8
16,San Antonio Oeste                       ,003,0009B,0081,89,0,0,0,0,0,0,0,0,0
16,San Antonio Oeste                       ,003,0009B,0615,129,1,0,3,2,3,55,73,3,6
16,San Antonio Oeste                       ,003,0011 ,0082,371,3,11,4,0,35,123,82,3,2
16,San Antonio Oeste                       ,003,0011 ,0083,371,12,0,2,2,35,126,107,3,5
16,San Antonio Oeste                       ,003,0011 ,0084,371,12,0,3,1,37,105,103,3,2
16,San Antonio Oeste                       ,003,0011 ,0085,371,2,9,4,2,21,125,108,1,3
16,San Antonio Oeste                       ,003,0011 ,0086,371,1,6,4,5,27,108,112,5,2
16,San Antonio Oeste                       ,003,0011 ,0087,370,3,6,2,5,40,94,102,9,2
16,San Antonio Oeste                       ,003,0011 ,0088,370,16,0,4,7,39,119,106,6,9
16,San Antonio Oeste                       ,003,0011 ,0616,383,14,0,3,7,30,108,86,2,1
16,San Antonio Oeste                       ,003,0011 ,0617,383,9,0,3,4,28,137,75,3,1
16,San Antonio Oeste                       ,003,0011 ,0618,383,2,11,6,3,24,118,91,4,3
16,San Antonio Oeste                       ,003,0011 ,0619,383,3,9,6,3,22,104,102,2,6
16,San Antonio Oeste                       ,003,0011 ,0620,383,7,5,6,3,24,127,78,4,3
16,San Antonio Oeste                       ,003,0011 ,0621,382,3,10,5,8,21,123,82,1,3
16,San Antonio Oeste                       ,003,0011 ,0622,382,6,0,6,4,15,147,77,4,6
16,Valcheta                                ,004,0012 ,0089,357,2,3,1,0,0,104,126,0,5
16,Valcheta                                ,004,0012 ,0090,357,4,3,0,0,4,138,128,3,1
16,Valcheta                                ,004,0012 ,0091,356,0,4,2,1,0,120,130,0,4
16,Valcheta                                ,004,0012 ,0092,356,7,5,1,1,6,114,115,1,1
16,Valcheta                                ,004,0012 ,0623,380,1,8,3,1,6,113,100,4,7
16,Valcheta                                ,004,0012 ,0624,380,7,3,1,4,4,112,103,0,3
16,Valcheta                                ,004,0012 ,0625,380,3,5,1,3,2,117,108,0,2
16,Valcheta                                ,004,0012 ,0626,379,3,4,0,0,7,136,92,5,4
16,Valcheta                                ,004,0012A,0627,44,0,0,1,0,0,8,7,0,0
16,Valcheta                                ,004,0012B,0628,61,1,0,2,0,1,16,30,0,0
16,Valcheta                                ,004,0013 ,0629,81,0,0,1,0,0,6,46,2,0
16,Valcheta                                ,004,0014 ,0630,47,0,1,0,0,1,19,5,0,2
16,Valcheta                                ,004,0015 ,0631,119,1,0,0,0,1,10,82,0,0
16,Valcheta                                ,004,0016 ,0632,192,0,0,2,3,4,48,78,0,3
16,Valcheta                                ,004,0017 ,0633,72,1,0,0,0,0,21,19,1,0
16,Valcheta                                ,004,0018 ,0634,119,1,0,0,2,2,11,49,0,4
16,Nueve de Julio                          ,005,0019 ,0101,284,4,1,1,2,2,122,95,0,10
16,Nueve de Julio                          ,005,0019 ,0102,284,6,1,0,0,4,145,63,0,17
16,Nueve de Julio                          ,005,0019 ,0635,307,8,1,1,3,1,119,100,2,16
16,Nueve de Julio                          ,005,0019 ,0636,307,8,3,0,0,2,133,82,2,15
16,Nueve de Julio                          ,005,0019A,0637,54,0,0,1,0,0,14,7,2,2
16,Nueve de Julio                          ,005,0020 ,0104,329,2,5,2,3,0,144,71,0,13
16,Nueve de Julio                          ,005,0020 ,0638,362,2,0,2,2,5,134,65,0,24
16,Nueve de Julio                          ,005,0020A,0639,124,0,2,0,1,1,35,61,0,1
16,Nueve de Julio                          ,005,0021 ,0106,85,2,0,0,1,2,54,93,1,3
16,Nueve de Julio                          ,005,0021 ,0640,142,0,0,0,0,0,0,0,0,0
16,Nueve de Julio                          ,005,0022 ,0107,104,0,0,0,0,0,0,0,0,0
16,Nueve de Julio                          ,005,0022 ,0641,173,0,1,5,2,1,66,102,2,2
16,Nueve de Julio                          ,005,0022A,0642,146,0,1,0,3,0,9,91,0,1
16,25 de Mayo                              ,006,0023 ,0109,346,5,4,0,5,0,85,161,2,1
16,25 de Mayo                              ,006,0023 ,0110,346,3,5,1,3,6,84,165,0,4
16,25 de Mayo                              ,006,0023 ,0111,346,1,0,1,2,4,86,194,1,1
16,25 de Mayo                              ,006,0023 ,0643,309,5,3,0,1,4,67,128,0,3
16,25 de Mayo                              ,006,0023 ,0644,309,5,2,3,3,3,47,164,0,0
16,25 de Mayo                              ,006,0023 ,0645,309,3,5,1,1,0,85,104,0,3
16,25 de Mayo                              ,006,0023 ,0646,309,10,2,1,1,5,82,121,1,1
16,25 de Mayo                              ,006,0023A,0647,109,1,6,0,1,0,19,38,1,1
16,25 de Mayo                              ,006,0024 ,0113,281,3,4,0,0,2,71,140,0,1
16,25 de Mayo                              ,006,0024 ,0114,281,5,1,2,0,1,73,135,0,1
16,25 de Mayo                              ,006,0024 ,0115,280,0,0,1,0,1,75,124,0,4
16,25 de Mayo                              ,006,0024 ,0648,335,5,8,1,0,4,84,113,0,0
16,25 de Mayo                              ,006,0024 ,0649,334,8,2,2,0,2,90,122,1,0
16,25 de Mayo                              ,006,0024 ,0650,334,5,6,0,0,0,69,125,1,1
16,25 de Mayo                              ,006,0024A,0651,138,0,2,0,0,1,31,27,1,0
16,25 de Mayo                              ,006,0024B,0652,135,0,2,0,0,2,27,57,0,1
16,25 de Mayo                              ,006,0025 ,0118,133,0,0,0,0,0,0,0,0,0
16,25 de Mayo                              ,006,0025 ,0653,247,6,6,1,0,0,75,66,6,4
16,25 de Mayo                              ,006,0026 ,0654,52,0,0,0,0,0,3,5,0,0
16,25 de Mayo                              ,006,0027 ,0655,124,1,0,0,1,1,26,19,1,1
16,25 de Mayo                              ,006,0028 ,0121,353,13,7,1,0,13,91,107,0,36
16,25 de Mayo                              ,006,0028 ,0122,353,12,6,0,4,3,123,101,2,29
16,25 de Mayo                              ,006,0028 ,0123,353,13,14,0,4,5,98,96,2,36
16,25 de Mayo                              ,006,0028 ,0124,353,12,5,1,2,9,112,100,2,20
16,25 de Mayo                              ,006,0028 ,0125,352,11,6,2,5,0,113,106,3,34
16,25 de Mayo                              ,006,0028 ,0126,352,2,7,1,1,10,132,98,2,25
16,25 de Mayo                              ,006,0028 ,0127,352,16,5,2,8,0,105,99,0,21
16,25 de Mayo                              ,006,0028 ,0656,365,10,0,1,4,6,102,102,0,24
16,25 de Mayo                              ,006,0028 ,0657,364,3,5,2,4,5,105,88,2,24
16,25 de Mayo                              ,006,0028 ,0658,364,10,7,0,2,2,95,64,4,37
16,25 de Mayo                              ,006,0028 ,0659,364,7,0,9,3,6,112,82,1,22
16,25 de Mayo                              ,006,0028 ,0660,364,12,5,0,0,4,113,93,2,34
16,25 de Mayo                              ,006,0028 ,0661,364,20,4,2,3,4,12,69,1,26
16,25 de Mayo                              ,006,0028 ,0662,364,13,4,1,6,4,125,74,1,31
16,25 de Mayo                              ,006,0028A,0663,120,4,2,2,3,4,23,30,3,3
16,25 de Mayo                              ,006,0029 ,0664,163,3,1,2,4,2,25,31,2,2
16,25 de Mayo                              ,006,0030 ,0665,176,3,0,0,4,0,18,93,4,2
16,Ñorquinco                               ,007,0031 ,0131,210,3,5,0,2,0,57,91,2,5
16,Ñorquinco                               ,007,0031 ,0666,274,4,1,0,2,0,67,98,1,10
16,Ñorquinco                               ,007,0031A,0667,111,2,9,2,2,2,16,35,4,2
16,Ñorquinco                               ,007,0031B,0668,41,0,2,2,1,0,12,14,1,1
16,Ñorquinco                               ,007,0032 ,0669,83,2,1,2,4,2,12,9,2,4
16,Ñorquinco                               ,007,0033 ,0670,88,1,0,0,2,0,37,10,3,7
16,Ñorquinco                               ,007,0034 ,0136,162,0,1,0,1,3,62,50,0,1
16,Ñorquinco                               ,007,0034 ,0671,237,4,2,0,0,2,87,69,2,4
16,Ñorquinco                               ,007,0035 ,0137,79,2,1,7,6,4,37,43,3,11
16,Ñorquinco                               ,007,0035 ,0672,160,0,0,0,0,0,0,0,0,0
16,Pilcaniyeu                              ,008,0036 ,0138,303,10,1,1,2,2,155,82,0,2
16,Pilcaniyeu                              ,008,0036 ,0673,322,2,1,1,3,6,148,88,0,2
16,Pilcaniyeu                              ,008,0036A,0139,75,0,0,0,0,0,30,18,0,0
16,Pilcaniyeu                              ,008,0036A,0674,138,3,1,3,2,3,50,19,5,2
16,Pilcaniyeu                              ,008,0036B,0140,310,6,6,5,7,22,108,63,5,23
16,Pilcaniyeu                              ,008,0036B,0141,310,7,8,9,15,20,113,69,10,12
16,Pilcaniyeu                              ,008,0036B,0675,323,4,3,3,13,19,123,63,9,13
16,Pilcaniyeu                              ,008,0036B,0676,322,1,10,9,8,18,134,62,9,12
16,Pilcaniyeu                              ,008,0036C,0677,61,0,1,2,3,0,25,14,0,0
16,Pilcaniyeu                              ,008,0037 ,0143,299,0,4,0,1,1,78,154,3,5
16,Pilcaniyeu                              ,008,0037 ,0144,299,5,1,1,0,2,95,138,2,4
16,Pilcaniyeu                              ,008,0037 ,0678,331,6,1,1,3,3,87,137,3,6
16,Pilcaniyeu                              ,008,0037 ,0679,331,8,2,4,1,5,86,128,3,6
16,Pilcaniyeu                              ,008,0037A,0680,82,0,2,1,2,1,21,33,0,2
16,Pilcaniyeu                              ,008,0038 ,0681,91,0,1,4,0,6,24,17,0,1
16,Pilcaniyeu                              ,008,0038A,0682,159,0,0,1,2,5,40,61,2,5
16,Pilcaniyeu                              ,008,0039 ,0683,70,0,1,1,2,3,30,18,2,4
16,Pilcaniyeu                              ,008,0040 ,0684,51,1,0,1,1,1,11,5,1,0
16,Pilcaniyeu                              ,008,0040A,0685,176,4,0,1,2,3,61,43,0,9
16,Bariloche                               ,009,0041 ,0151,395,4,15,1,16,21,122,82,7,18
16,Bariloche                               ,009,0041 ,0152,395,10,6,7,13,24,121,68,11,15
16,Bariloche                               ,009,0041 ,0153,395,6,14,4,22,12,131,65,9,15
16,Bariloche                               ,009,0041 ,0154,395,4,19,6,21,22,142,79,5,10
16,Bariloche                               ,009,0041 ,0155,395,5,11,4,10,29,143,66,6,14
16,Bariloche                               ,009,0041 ,0156,395,7,10,5,8,0,132,76,7,21
16,Bariloche                               ,009,0041 ,0157,395,6,9,4,11,31,146,48,6,18
16,Bariloche                               ,009,0041 ,0158,395,4,11,7,18,31,143,81,2,15
16,Bariloche                               ,009,0041 ,0159,395,4,11,11,11,36,126,47,11,15
16,Bariloche                               ,009,0041 ,0160,395,5,18,3,17,42,116,54,8,11
16,Bariloche                               ,009,0041 ,0161,395,15,2,3,17,22,124,61,14,16
16,Bariloche                               ,009,0041 ,0162,395,2,10,7,7,30,103,86,8,9
16,Bariloche                               ,009,0041 ,0163,395,4,13,6,11,25,125,84,8,19
16,Bariloche                               ,009,0041 ,0164,395,5,10,5,12,22,137,86,12,21
16,Bariloche                               ,009,0041 ,0165,395,4,8,13,17,22,133,65,10,13
16,Bariloche                               ,009,0041 ,0166,395,2,12,11,15,29,117,66,7,15
16,Bariloche                               ,009,0041 ,0167,395,6,11,6,10,25,129,71,7,28
16,Bariloche                               ,009,0041 ,0168,395,6,11,8,13,22,122,72,6,19
16,Bariloche                               ,009,0041 ,0169,395,9,24,4,14,24,140,64,2,10
16,Bariloche                               ,009,0041 ,0170,395,2,15,3,15,25,139,71,7,15
16,Bariloche                               ,009,0041 ,0171,395,16,0,7,12,25,125,95,7,11
16,Bariloche                               ,009,0041 ,0172,395,7,9,5,24,29,117,40,4,19
16,Bariloche                               ,009,0041 ,0173,395,9,22,9,14,29,118,56,10,11
16,Bariloche                               ,009,0041 ,0174,395,10,14,3,8,37,108,64,13,17
16,Bariloche                               ,009,0041 ,0175,395,6,7,2,27,43,122,58,6,17
16,Bariloche                               ,009,0041 ,0176,395,5,16,2,27,41,120,46,8,14
16,Bariloche                               ,009,0041 ,0177,395,1,8,6,15,26,130,71,7,13
16,Bariloche                               ,009,0041 ,0178,395,9,14,5,17,38,108,54,7,22
16,Bariloche                               ,009,0041 ,0179,395,5,11,5,11,27,127,85,8,15
16,Bariloche                               ,009,0041 ,0180,395,8,20,4,20,31,110,59,6,25
16,Bariloche                               ,009,0041 ,0181,395,6,19,7,23,41,127,40,12,18
16,Bariloche                               ,009,0041 ,0182,395,2,12,9,19,34,114,49,6,13
16,Bariloche                               ,009,0041 ,0183,395,3,21,7,16,19,132,54,11,11
16,Bariloche                               ,009,0041 ,0184,395,9,7,7,15,28,115,79,9,16
16,Bariloche                               ,009,0041 ,0185,395,7,18,6,12,25,124,81,9,10
16,Bariloche                               ,009,0041 ,0186,395,5,15,5,12,15,132,89,5,22
16,Bariloche                               ,009,0041 ,0187,395,7,9,4,16,23,136,80,10,10
16,Bariloche                               ,009,0041 ,0188,395,7,7,3,10,22,130,73,9,21
16,Bariloche                               ,009,0041 ,0189,395,4,0,8,22,26,127,45,5,18
16,Bariloche                               ,009,0041 ,0190,395,3,2,5,15,40,125,64,11,11
16,Bariloche                               ,009,0041 ,0191,395,1,14,7,12,25,134,66,7,16
16,Bariloche                               ,009,0041 ,0192,395,3,11,4,10,19,116,77,6,19
16,Bariloche                               ,009,0041 ,0193,395,8,15,10,13,31,106,58,4,18
16,Bariloche                               ,009,0041 ,0194,395,5,12,4,13,22,146,81,6,16
16,Bariloche                               ,009,0041 ,0195,395,4,9,3,10,23,153,80,12,13
16,Bariloche                               ,009,0041 ,0196,395,6,18,5,24,27,132,54,3,10
16,Bariloche                               ,009,0041 ,0197,395,7,14,5,18,36,126,42,5,20
16,Bariloche                               ,009,0041 ,0198,395,5,14,9,19,21,121,86,9,13
16,Bariloche                               ,009,0041 ,0199,395,2,8,5,18,17,134,91,6,20
16,Bariloche                               ,009,0041 ,0200,395,5,10,5,19,28,126,65,6,15
16,Bariloche                               ,009,0041 ,0201,395,10,19,4,17,33,129,55,9,10
16,Bariloche                               ,009,0041 ,0202,395,5,17,10,13,20,112,101,7,15
16,Bariloche                               ,009,0041 ,0203,395,3,16,9,23,20,116,66,14,20
16,Bariloche                               ,009,0041 ,0204,395,3,10,5,11,27,124,90,11,14
16,Bariloche                               ,009,0041 ,0205,395,6,6,2,18,34,127,75,9,15
16,Bariloche                               ,009,0041 ,0206,395,3,14,3,16,16,130,92,12,20
16,Bariloche                               ,009,0041 ,0207,395,15,28,3,18,23,128,67,5,12
16,Bariloche                               ,009,0041 ,0208,395,9,11,11,16,27,116,86,10,14
16,Bariloche                               ,009,0041 ,0209,395,4,7,5,27,31,135,63,8,16
16,Bariloche                               ,009,0041 ,0210,394,8,12,5,16,38,117,63,12,15
16,Bariloche                               ,009,0041 ,0211,394,4,12,4,13,25,122,74,8,23
16,Bariloche                               ,009,0041 ,0212,394,0,0,0,0,0,0,0,0,0
16,Bariloche                               ,009,0041 ,0213,394,7,8,9,19,28,109,60,6,19
16,Bariloche                               ,009,0041 ,0214,394,9,18,2,13,28,124,58,6,20
16,Bariloche                               ,009,0041 ,0215,394,8,15,8,14,21,132,74,9,13
16,Bariloche                               ,009,0041 ,0216,394,2,13,4,16,29,143,71,8,8
16,Bariloche                               ,009,0041 ,0217,394,9,8,4,20,34,119,51,3,13
16,Bariloche                               ,009,0041 ,0218,394,4,9,5,15,25,122,75,6,11
16,Bariloche                               ,009,0041 ,0219,394,3,15,2,21,24,133,76,6,14
16,Bariloche                               ,009,0041 ,0220,394,3,16,6,13,20,134,60,14,18
16,Bariloche                               ,009,0041 ,0221,394,9,12,4,15,30,115,55,10,14
16,Bariloche                               ,009,0041 ,0222,394,7,8,4,14,32,121,62,10,17
16,Bariloche                               ,009,0041 ,0223,394,2,10,3,8,30,125,60,11,16
16,Bariloche                               ,009,0041 ,0224,394,2,12,4,12,31,111,56,8,8
16,Bariloche                               ,009,0041 ,0225,394,3,11,4,12,24,137,77,9,13
16,Bariloche                               ,009,0041 ,0226,394,5,13,6,11,21,149,61,4,16
16,Bariloche                               ,009,0041 ,0227,394,2,6,2,14,25,135,70,8,20
16,Bariloche                               ,009,0041 ,0228,394,3,22,4,12,17,149,77,12,15
16,Bariloche                               ,009,0041 ,0229,394,6,20,4,18,24,136,60,9,13
16,Bariloche                               ,009,0041 ,0230,394,7,13,5,14,41,131,51,3,13
16,Bariloche                               ,009,0041 ,0231,394,2,14,4,16,24,133,65,4,20
16,Bariloche                               ,009,0041 ,0686,392,4,0,10,12,18,122,70,7,12
16,Bariloche                               ,009,0041 ,0687,392,6,17,14,15,16,113,59,2,21
16,Bariloche                               ,009,0041 ,0688,392,6,7,10,10,20,119,63,10,14
16,Bariloche                               ,009,0041 ,0689,392,3,21,12,18,14,131,69,11,10
16,Bariloche                               ,009,0041 ,0690,392,5,11,9,11,14,126,63,9,15
16,Bariloche                               ,009,0041 ,0691,392,3,13,5,10,15,146,55,9,14
16,Bariloche                               ,009,0041 ,0692,392,9,19,8,3,21,114,62,7,21
16,Bariloche                               ,009,0041 ,0693,392,8,0,10,13,22,149,65,10,18
16,Bariloche                               ,009,0041 ,0694,392,9,11,5,16,36,110,43,6,17
16,Bariloche                               ,009,0041 ,0695,392,6,9,2,11,10,120,69,9,12
16,Bariloche                               ,009,0041 ,0696,392,7,5,3,10,25,113,64,4,9
16,Bariloche                               ,009,0041 ,0697,392,4,13,7,14,19,134,48,9,17
16,Bariloche                               ,009,0041 ,0698,392,5,0,7,13,24,121,73,13,13
16,Bariloche                               ,009,0041 ,0699,392,7,8,8,10,16,140,63,8,14
16,Bariloche                               ,009,0041 ,0700,392,2,10,7,17,28,130,53,5,13
16,Bariloche                               ,009,0041 ,0701,392,4,15,8,6,7,139,87,8,20
16,Bariloche                               ,009,0041 ,0702,392,5,8,10,5,24,110,75,8,15
16,Bariloche                               ,009,0041 ,0703,392,5,9,12,10,21,133,71,8,5
16,Bariloche                               ,009,0041 ,0704,392,6,15,8,9,19,114,53,10,20
16,Bariloche                               ,009,0041 ,0705,392,4,14,7,14,21,101,67,6,17
16,Bariloche                               ,009,0041 ,0706,392,5,12,10,5,24,133,60,7,8
16,Bariloche                               ,009,0041 ,0707,392,5,15,9,10,30,109,55,9,17
16,Bariloche                               ,009,0041 ,0708,392,3,10,8,5,22,129,60,8,17
16,Bariloche                               ,009,0041 ,0709,392,4,13,9,14,35,102,63,4,14
16,Bariloche                               ,009,0041 ,0710,392,9,13,5,13,24,127,62,6,13
16,Bariloche                               ,009,0041 ,0711,392,9,14,2,18,25,126,58,15,17
16,Bariloche                               ,009,0041 ,0712,392,8,9,6,8,21,122,61,5,11
16,Bariloche                               ,009,0041 ,0713,392,6,11,13,15,15,124,72,8,11
16,Bariloche                               ,009,0041 ,0714,392,3,9,9,9,15,116,69,13,9
16,Bariloche                               ,009,0041 ,0715,392,8,6,3,19,24,139,48,5,18
16,Bariloche                               ,009,0041 ,0716,392,5,0,9,12,32,134,56,9,17
16,Bariloche                               ,009,0041 ,0717,392,4,13,6,10,19,139,83,5,15
16,Bariloche                               ,009,0041 ,0718,392,6,15,9,9,19,121,54,10,13
16,Bariloche                               ,009,0041 ,0719,392,4,13,5,17,13,111,67,12,22
16,Bariloche                               ,009,0041 ,0720,392,10,15,4,20,24,107,85,8,14
16,Bariloche                               ,009,0041 ,0721,392,3,10,6,12,13,144,83,6,14
16,Bariloche                               ,009,0041 ,0722,392,9,8,10,8,24,132,61,9,9
16,Bariloche                               ,009,0041 ,0723,392,3,16,6,12,30,125,40,6,18
16,Bariloche                               ,009,0041 ,0724,392,7,6,8,11,29,128,41,16,15
16,Bariloche                               ,009,0041 ,0725,392,9,14,6,11,20,109,56,8,14
16,Bariloche                               ,009,0041 ,0726,392,5,13,11,10,17,133,56,14,9
16,Bariloche                               ,009,0041 ,0727,392,2,10,5,16,36,109,58,13,15
16,Bariloche                               ,009,0041 ,0728,392,6,6,4,14,23,108,57,14,17
16,Bariloche                               ,009,0041 ,0729,392,6,12,9,10,19,110,81,7,16
16,Bariloche                               ,009,0041 ,0730,392,6,15,6,19,16,139,67,6,14
16,Bariloche                               ,009,0041 ,0731,392,7,10,8,17,18,115,57,5,17
16,Bariloche                               ,009,0041 ,0732,391,8,14,5,19,18,126,63,7,16
16,Bariloche                               ,009,0041 ,0733,391,8,11,7,14,12,111,69,5,17
16,Bariloche                               ,009,0041 ,0734,391,5,15,6,16,19,109,76,7,18
16,Bariloche                               ,009,0041 ,0735,391,12,14,4,13,17,128,72,13,8
16,Bariloche                               ,009,0041 ,0736,391,7,14,11,5,33,105,60,4,15
16,Bariloche                               ,009,0041 ,0737,391,5,12,7,14,15,133,68,2,14
16,Bariloche                               ,009,0041 ,0738,391,6,8,5,10,17,129,60,8,10
16,Bariloche                               ,009,0041 ,0739,391,4,14,7,12,18,136,74,6,15
16,Bariloche                               ,009,0041 ,0740,391,7,9,15,12,21,134,56,5,12
16,Bariloche                               ,009,0041 ,0741,391,10,18,3,12,12,138,76,7,13
16,Bariloche                               ,009,0041 ,0742,391,6,17,5,12,17,145,65,12,16
16,Bariloche                               ,009,0041 ,0743,391,2,13,5,14,22,145,56,6,10
16,Bariloche                               ,009,0041 ,0744,391,7,17,6,15,21,121,48,6,18
16,Bariloche                               ,009,0041 ,0745,391,3,9,10,14,19,121,52,6,13
16,Bariloche                               ,009,0041 ,0746,391,5,14,5,9,22,124,65,8,11
16,Bariloche                               ,009,0041 ,0747,391,3,12,5,17,26,97,61,3,19
16,Bariloche                               ,009,0041 ,0748,391,6,14,5,17,17,122,54,9,13
16,Bariloche                               ,009,0041 ,0749,391,6,11,9,10,14,132,77,10,7
16,Bariloche                               ,009,0041 ,0750,391,6,9,5,10,25,118,66,6,12
16,Bariloche                               ,009,0041 ,0751,391,8,8,7,5,19,121,60,5,8
16,Bariloche                               ,009,0041 ,0752,391,10,9,8,14,25,123,62,10,11
16,Bariloche                               ,009,0041 ,0753,391,1,9,6,13,14,141,76,8,13
16,Bariloche                               ,009,0041 ,0754,391,4,15,11,15,25,108,49,12,11
16,Bariloche                               ,009,0041 ,0755,391,7,8,11,18,22,105,57,9,15
16,Bariloche                               ,009,0041 ,0756,391,4,23,6,10,26,115,69,11,14
16,Bariloche                               ,009,0041 ,0757,391,7,18,2,8,27,122,57,8,9
16,Bariloche                               ,009,0041 ,0758,391,10,13,6,13,26,116,41,9,13
16,Bariloche                               ,009,0041 ,0759,391,7,9,5,9,17,134,70,6,12
16,Bariloche                               ,009,0041 ,0760,391,10,8,8,20,14,136,57,9,17
16,Bariloche                               ,009,0041 ,0761,391,2,10,12,9,11,135,77,9,12
16,Bariloche                               ,009,0041 ,0762,391,6,13,5,7,17,137,77,3,13
16,Bariloche                               ,009,0041 ,0763,391,5,18,4,12,21,132,71,2,6
16,Bariloche                               ,009,0041 ,0764,391,7,11,13,10,27,139,48,8,9
16,Bariloche                               ,009,0041 ,0765,391,4,6,6,11,15,142,69,4,12
16,Bariloche                               ,009,0042 ,0232,184,1,6,2,3,4,62,52,1,7
16,Bariloche                               ,009,0042 ,0766,267,1,6,4,2,3,91,82,6,8
16,Bariloche                               ,009,0043 ,0233,372,27,9,13,11,16,69,109,7,18
16,Bariloche                               ,009,0043 ,0234,372,27,11,12,14,20,70,97,6,18
16,Bariloche                               ,009,0043 ,0235,372,9,22,10,11,0,18,83,109,14
16,Bariloche                               ,009,0043 ,0236,372,40,4,14,6,10,71,97,5,12
16,Bariloche                               ,009,0043 ,0237,372,8,13,9,10,18,94,81,5,13
16,Bariloche                               ,009,0043 ,0238,372,52,0,7,17,19,80,92,9,12
16,Bariloche                               ,009,0043 ,0239,372,36,15,10,7,16,66,97,7,18
16,Bariloche                               ,009,0043 ,0240,372,22,12,11,8,16,83,101,9,20
16,Bariloche                               ,009,0043 ,0241,372,27,12,12,12,9,58,126,7,23
16,Bariloche                               ,009,0043 ,0242,372,31,20,8,14,22,62,113,2,12
16,Bariloche                               ,009,0043 ,0243,371,6,17,10,10,16,86,92,6,24
16,Bariloche                               ,009,0043 ,0244,371,8,13,13,7,16,74,84,8,20
16,Bariloche                               ,009,0043 ,0245,371,5,26,8,15,0,14,84,98,18
16,Bariloche                               ,009,0043 ,0246,371,43,7,11,8,0,79,95,5,11
16,Bariloche                               ,009,0043 ,0767,372,28,4,16,15,9,92,68,6,10
16,Bariloche                               ,009,0043 ,0768,372,12,17,8,15,10,77,72,9,16
16,Bariloche                               ,009,0043 ,0769,372,21,15,18,10,13,78,70,7,18
16,Bariloche                               ,009,0043 ,0770,371,5,0,10,8,20,91,98,9,31
16,Bariloche                               ,009,0043 ,0771,371,28,7,8,12,15,72,83,16,18
16,Bariloche                               ,009,0043 ,0772,371,28,12,8,9,15,69,77,7,17
16,Bariloche                               ,009,0043 ,0773,371,30,17,12,10,11,84,83,6,10
16,Bariloche                               ,009,0043 ,0774,371,21,8,8,13,20,98,67,10,18
16,Bariloche                               ,009,0043 ,0775,371,34,9,10,8,9,83,82,12,23
16,Bariloche                               ,009,0043 ,0776,371,35,12,10,5,8,70,86,4,15
16,Bariloche                               ,009,0043 ,0777,371,42,10,14,8,6,74,83,7,19
16,Bariloche                               ,009,0043 ,0778,371,19,6,7,8,16,84,85,6,16
16,Bariloche                               ,009,0043 ,0779,371,21,19,13,9,8,83,91,7,19
16,Bariloche                               ,009,0043A,0247,370,25,4,15,16,22,58,108,3,15
16,Bariloche                               ,009,0043A,0780,222,18,9,12,5,9,43,57,6,5
16,Bariloche                               ,009,0043A,0781,222,15,2,10,4,10,34,47,7,20
16,Pichi Mahuida                           ,010,0044 ,0248,372,1,10,6,5,17,109,79,2,41
16,Pichi Mahuida                           ,010,0044 ,0249,372,6,7,4,5,19,109,78,2,48
16,Pichi Mahuida                           ,010,0044 ,0250,372,4,7,0,6,16,104,88,3,63
16,Pichi Mahuida                           ,010,0044 ,0251,372,5,3,4,4,18,99,81,8,64
16,Pichi Mahuida                           ,010,0044 ,0252,372,3,3,3,11,11,118,78,0,47
16,Pichi Mahuida                           ,010,0044 ,0253,372,1,11,3,10,9,113,79,3,53
16,Pichi Mahuida                           ,010,0044 ,0254,372,3,4,5,8,11,128,84,2,35
16,Pichi Mahuida                           ,010,0044 ,0255,372,5,7,5,5,10,131,62,3,58
16,Pichi Mahuida                           ,010,0044 ,0256,372,3,10,1,5,13,114,80,3,53
16,Pichi Mahuida                           ,010,0044 ,0257,372,5,7,3,2,10,96,87,0,61
16,Pichi Mahuida                           ,010,0044 ,0258,371,5,9,1,9,5,114,93,2,52
16,Pichi Mahuida                           ,010,0044 ,0259,371,4,6,3,3,13,110,73,2,59
16,Pichi Mahuida                           ,010,0044 ,0260,371,1,6,0,7,15,113,87,1,62
16,Pichi Mahuida                           ,010,0044 ,0782,377,1,5,3,5,7,103,94,5,50
16,Pichi Mahuida                           ,010,0044 ,0783,377,6,11,4,7,10,85,79,6,54
16,Pichi Mahuida                           ,010,0044 ,0784,377,7,6,4,4,5,115,84,4,44
16,Pichi Mahuida                           ,010,0044 ,0785,377,2,5,4,3,11,130,56,2,45
16,Pichi Mahuida                           ,010,0044 ,0786,377,4,8,4,6,12,93,78,1,55
16,Pichi Mahuida                           ,010,0044 ,0787,376,3,11,3,7,9,115,69,2,41
16,Pichi Mahuida                           ,010,0044 ,0788,376,2,6,6,1,12,120,83,4,45
16,Pichi Mahuida                           ,010,0044 ,0789,376,7,15,1,4,13,122,66,3,38
16,Pichi Mahuida                           ,010,0044 ,0790,376,2,13,3,2,5,115,86,4,30
16,Pichi Mahuida                           ,010,0044 ,0791,376,5,9,5,4,16,120,76,1,46
16,Pichi Mahuida                           ,010,0044 ,0792,376,7,13,6,5,6,107,83,2,47
16,Pichi Mahuida                           ,010,0044 ,0793,376,6,9,4,6,4,114,69,3,55
16,Pichi Mahuida                           ,010,0044 ,0794,376,9,6,8,1,12,110,77,6,39
16,Avellaneda                              ,011,0047 ,0261,358,7,3,2,6,19,111,119,3,4
16,Avellaneda                              ,011,0047 ,0262,358,5,18,4,8,9,111,105,2,5
16,Avellaneda                              ,011,0047 ,0263,358,7,9,7,11,12,105,110,0,6
16,Avellaneda                              ,011,0047 ,0264,358,6,8,6,7,12,97,116,3,4
16,Avellaneda                              ,011,0047 ,0265,357,6,17,4,5,14,98,109,0,10
16,Avellaneda                              ,011,0047 ,0266,357,8,10,2,8,11,108,113,3,9
16,Avellaneda                              ,011,0047 ,0267,357,14,0,2,3,15,95,2,5,6
16,Avellaneda                              ,011,0047 ,0268,357,5,9,1,3,18,107,122,3,7
16,Avellaneda                              ,011,0047 ,0269,357,6,7,1,8,8,100,106,0,14
16,Avellaneda                              ,011,0047 ,0270,357,2,14,1,2,14,117,119,1,1
16,Avellaneda                              ,011,0047 ,0795,384,8,13,4,1,15,110,106,1,4
16,Avellaneda                              ,011,0047 ,0796,384,9,9,5,4,12,101,104,2,13
16,Avellaneda                              ,011,0047 ,0797,384,5,9,7,9,15,103,95,2,7
16,Avellaneda                              ,011,0047 ,0798,384,4,6,8,1,11,97,101,4,5
16,Avellaneda                              ,011,0047 ,0799,384,7,4,6,3,0,121,118,3,5
16,Avellaneda                              ,011,0047 ,0800,384,1,10,1,2,8,109,118,1,8
16,Avellaneda                              ,011,0047 ,0801,383,7,8,11,7,16,110,84,1,14
16,Avellaneda                              ,011,0047 ,0802,383,4,14,2,4,10,118,85,4,5
16,Avellaneda                              ,011,0047 ,0803,383,9,12,1,4,15,117,109,0,4
16,Avellaneda                              ,011,0048 ,0271,362,4,6,2,4,10,115,130,6,6
16,Avellaneda                              ,011,0048 ,0272,361,0,9,0,5,17,92,140,1,6
16,Avellaneda                              ,011,0048 ,0273,361,4,4,2,0,8,109,138,4,8
16,Avellaneda                              ,011,0048 ,0274,361,5,10,6,3,20,123,110,0,14
16,Avellaneda                              ,011,0048 ,0275,361,2,7,4,4,12,96,145,7,9
16,Avellaneda                              ,011,0048 ,0276,361,3,12,5,8,13,95,120,8,14
16,Avellaneda                              ,011,0048 ,0804,358,2,9,1,5,8,111,123,6,1
16,Avellaneda                              ,011,0048 ,0805,357,5,6,7,3,7,96,149,2,3
16,Avellaneda                              ,011,0048 ,0806,357,3,5,2,3,6,107,121,3,8
16,Avellaneda                              ,011,0048 ,0807,357,1,12,2,1,9,101,127,2,10
16,Avellaneda                              ,011,0048 ,0808,357,4,6,1,2,10,93,133,2,2
16,Avellaneda                              ,011,0048 ,0809,357,4,6,2,4,8,115,121,6,8
16,Avellaneda                              ,011,0049 ,0277,376,8,12,1,1,11,119,125,4,6
16,Avellaneda                              ,011,0049 ,0278,375,10,7,3,7,25,139,93,0,8
16,Avellaneda                              ,011,0049 ,0279,375,2,14,3,3,10,134,102,3,10
16,Avellaneda                              ,011,0049 ,0280,375,6,14,5,1,12,117,115,2,3
16,Avellaneda                              ,011,0049 ,0281,375,2,18,2,7,11,116,122,5,6
16,Avellaneda                              ,011,0049 ,0282,375,6,9,4,5,5,124,112,3,10
16,Avellaneda                              ,011,0049 ,0810,342,8,8,2,3,9,117,88,4,4
16,Avellaneda                              ,011,0049 ,0811,342,4,9,5,0,4,111,77,1,6
16,Avellaneda                              ,011,0049 ,0812,342,11,9,3,3,9,99,87,5,4
16,Avellaneda                              ,011,0049 ,0813,341,2,7,4,4,6,99,104,2,8
16,Avellaneda                              ,011,0049 ,0814,341,6,13,3,7,5,109,83,1,9
16,Avellaneda                              ,011,0049 ,0815,341,5,6,4,4,9,101,99,1,5
16,Avellaneda                              ,011,0049 ,0816,341,6,10,11,3,7,100,82,2,12
16,Avellaneda                              ,011,0050 ,0283,324,4,5,0,0,9,181,68,1,1
16,Avellaneda                              ,011,0050 ,0817,199,5,3,0,1,2,105,33,1,0
16,Avellaneda                              ,011,0050 ,0818,198,2,4,0,3,3,83,45,2,0
16,Avellaneda                              ,011,0050A,0819,37,0,0,1,0,2,8,13,0,0
16,Avellaneda                              ,011,0051 ,0820,32,2,0,0,1,0,8,11,0,0
16,Avellaneda                              ,011,0052 ,0286,313,5,8,0,3,4,166,83,0,5
16,Avellaneda                              ,011,0052 ,0821,338,7,8,0,4,4,143,91,1,3
16,Avellaneda                              ,011,0053 ,0287,237,2,0,0,0,3,67,112,2,7
16,Avellaneda                              ,011,0053 ,0288,236,2,3,0,3,1,72,99,2,11
16,Avellaneda                              ,011,0053 ,0822,276,4,7,0,3,2,79,93,0,10
16,Avellaneda                              ,011,0053 ,0823,275,1,3,0,1,0,76,118,2,6
16,Avellaneda                              ,011,0054 ,0289,297,3,9,3,2,4,65,166,2,3
16,Avellaneda                              ,011,0054 ,0290,297,2,3,1,3,9,61,155,1,3
16,Avellaneda                              ,011,0054 ,0291,297,3,12,4,3,9,60,152,3,2
16,Avellaneda                              ,011,0054 ,0292,296,1,8,3,5,4,66,157,2,3
16,Avellaneda                              ,011,0054 ,0824,310,3,3,5,2,7,73,126,2,3
16,Avellaneda                              ,011,0054 ,0825,310,0,0,4,6,5,57,149,3,8
16,Avellaneda                              ,011,0054 ,0826,310,4,8,3,2,4,94,132,0,4
16,Avellaneda                              ,011,0054 ,0827,310,3,5,4,1,5,66,150,6,11
16,Avellaneda                              ,011,0055 ,0828,58,0,1,1,1,5,9,12,0,6
16,General Roca                            ,012,0057 ,0294,298,15,2,4,0,3,58,158,4,5
16,General Roca                            ,012,0057 ,0295,298,17,2,2,3,4,61,161,1,8
16,General Roca                            ,012,0057 ,0296,298,14,3,0,0,5,52,163,4,6
16,General Roca                            ,012,0057 ,0297,298,21,11,2,2,0,58,133,3,10
16,General Roca                            ,012,0057 ,0829,326,17,8,1,3,4,65,126,3,2
16,General Roca                            ,012,0057 ,0830,326,9,9,4,1,6,59,152,3,9
16,General Roca                            ,012,0057 ,0831,326,14,3,5,5,0,76,145,1,10
16,General Roca                            ,012,0057 ,0832,325,4,2,5,1,3,63,156,1,12
16,General Roca                            ,012,0058 ,0298,383,1,14,2,2,25,115,117,6,27
16,General Roca                            ,012,0058 ,0299,383,5,14,5,3,25,109,113,0,20
16,General Roca                            ,012,0058 ,0300,383,2,8,6,11,23,120,104,2,21
16,General Roca                            ,012,0058 ,0301,383,1,17,8,5,23,99,113,7,23
16,General Roca                            ,012,0058 ,0302,383,4,16,7,7,13,110,104,7,29
16,General Roca                            ,012,0058 ,0303,383,5,14,4,7,18,109,107,4,28
16,General Roca                            ,012,0058 ,0304,383,4,20,7,6,40,88,132,3,24
16,General Roca                            ,012,0058 ,0305,383,4,11,0,6,22,113,104,4,29
16,General Roca                            ,012,0058 ,0306,383,1,21,3,5,27,104,116,3,23
16,General Roca                            ,012,0058 ,0307,383,2,14,7,8,22,116,102,5,31
16,General Roca                            ,012,0058 ,0308,383,0,11,11,8,14,107,127,2,25
16,General Roca                            ,012,0058 ,0309,383,10,13,6,4,20,103,103,5,24
16,General Roca                            ,012,0058 ,0310,383,6,16,7,7,21,102,113,8,28
16,General Roca                            ,012,0058 ,0311,383,1,12,8,6,18,119,122,4,24
16,General Roca                            ,012,0058 ,0312,383,2,7,3,8,23,127,111,4,30
16,General Roca                            ,012,0058 ,0313,382,3,14,7,9,17,102,113,3,31
16,General Roca                            ,012,0058 ,0314,382,2,20,4,8,15,116,119,1,26
16,General Roca                            ,012,0058 ,0315,382,6,7,8,8,22,125,111,1,26
16,General Roca                            ,012,0058 ,0316,382,5,10,8,6,21,110,109,3,16
16,General Roca                            ,012,0058 ,0317,382,8,9,5,9,18,110,123,3,26
16,General Roca                            ,012,0058 ,0318,382,4,9,5,3,30,115,100,4,24
16,General Roca                            ,012,0058 ,0319,382,6,13,5,4,24,123,112,3,28
16,General Roca                            ,012,0058 ,0320,382,4,17,2,35,24,109,108,2,26
16,General Roca                            ,012,0058 ,0321,382,9,8,5,7,20,120,91,2,22
16,General Roca                            ,012,0058 ,0322,382,7,16,6,4,24,105,106,8,23
16,General Roca                            ,012,0058 ,0323,382,7,13,6,8,23,109,106,8,29
16,General Roca                            ,012,0058 ,0833,394,13,8,9,6,14,121,101,6,28
16,General Roca                            ,012,0058 ,0834,394,4,15,6,8,10,104,106,4,21
16,General Roca                            ,012,0058 ,0835,394,9,8,7,4,15,117,97,7,22
16,General Roca                            ,012,0058 ,0836,394,6,15,2,7,17,117,94,1,24
16,General Roca                            ,012,0058 ,0837,394,7,8,18,4,18,96,111,2,30
16,General Roca                            ,012,0058 ,0838,394,7,3,4,2,22,110,109,3,19
16,General Roca                            ,012,0058 ,0839,394,5,18,9,9,19,109,98,6,22
16,General Roca                            ,012,0058 ,0840,394,9,15,6,9,10,102,122,3,35
16,General Roca                            ,012,0058 ,0841,394,6,15,7,10,22,113,107,3,16
16,General Roca                            ,012,0058 ,0842,393,2,16,4,6,12,123,110,3,22
16,General Roca                            ,012,0058 ,0843,393,6,13,4,7,12,114,109,7,20
16,General Roca                            ,012,0058 ,0844,393,8,19,11,10,13,100,108,4,28
16,General Roca                            ,012,0058 ,0845,393,5,16,8,6,18,116,99,4,28
16,General Roca                            ,012,0058 ,0846,393,4,7,7,14,12,95,113,5,22
16,General Roca                            ,012,0058 ,0847,393,6,21,10,6,19,105,109,6,35
16,General Roca                            ,012,0058 ,0848,393,8,11,11,5,13,107,122,6,23
16,General Roca                            ,012,0058 ,0849,393,8,18,4,8,10,109,111,3,29
16,General Roca                            ,012,0058 ,0850,393,4,14,6,11,18,122,98,4,29
16,General Roca                            ,012,0058 ,0851,393,3,14,9,8,13,114,104,5,30
16,General Roca                            ,012,0058 ,0852,393,4,14,2,8,24,123,97,6,20
16,General Roca                            ,012,0058 ,0853,393,5,11,10,6,15,115,113,2,22
16,General Roca                            ,012,0058 ,0854,393,7,13,12,4,16,98,101,5,26
16,General Roca                            ,012,0058 ,0855,393,2,9,3,8,16,122,105,11,23
16,General Roca                            ,012,0058 ,0856,393,6,13,7,7,16,110,104,7,26
16,General Roca                            ,012,0059 ,0324,301,2,9,2,3,8,113,89,0,12
16,General Roca                            ,012,0059 ,0325,301,4,0,4,5,4,127,85,3,14
16,General Roca                            ,012,0059 ,0326,300,6,9,3,4,8,121,98,2,9
16,General Roca                            ,012,0059 ,0327,300,24,6,1,1,8,116,83,3,7
16,General Roca                            ,012,0059 ,0857,302,8,11,7,3,5,106,98,3,5
16,General Roca                            ,012,0059 ,0858,301,10,3,3,1,5,115,83,0,8
16,General Roca                            ,012,0059 ,0859,301,28,8,3,4,5,67,89,6,8
16,General Roca                            ,012,0059 ,0860,301,13,7,1,3,3,108,92,2,10
16,General Roca                            ,012,0060 ,0328,333,5,6,2,1,9,59,182,3,15
16,General Roca                            ,012,0060 ,0329,333,2,7,1,4,5,74,162,2,16
16,General Roca                            ,012,0060 ,0330,333,3,18,5,3,7,62,158,2,13
16,General Roca                            ,012,0060 ,0331,332,3,5,3,5,10,74,168,2,6
16,General Roca                            ,012,0060 ,0332,332,5,10,1,5,11,83,141,1,18
16,General Roca                            ,012,0060 ,0333,332,1,3,0,6,6,62,178,4,9
16,General Roca                            ,012,0060 ,0861,336,3,12,4,5,9,58,159,1,12
16,General Roca                            ,012,0060 ,0862,336,4,12,1,4,10,92,127,4,11
16,General Roca                            ,012,0060 ,0863,336,2,6,1,5,4,70,151,2,15
16,General Roca                            ,012,0060 ,0864,336,17,0,3,2,5,96,135,1,6
16,General Roca                            ,012,0060 ,0865,335,0,11,3,2,5,97,131,2,13
16,General Roca                            ,012,0060 ,0866,335,16,0,4,1,9,58,171,3,10
16,General Roca                            ,012,0061 ,0334,274,1,9,1,1,5,127,85,1,1
16,General Roca                            ,012,0061 ,0335,274,2,3,2,0,2,131,88,2,1
16,General Roca                            ,012,0061 ,0336,274,2,9,0,3,11,113,75,3,1
16,General Roca                            ,012,0061 ,0867,307,3,3,5,0,2,116,90,2,6
16,General Roca                            ,012,0061 ,0868,307,3,4,4,1,5,115,90,1,2
16,General Roca                            ,012,0061 ,0869,306,6,8,2,2,6,98,94,2,5
16,General Roca                            ,012,0062 ,0337,322,3,8,2,0,6,77,182,2,0
16,General Roca                            ,012,0062 ,0338,322,10,1,0,0,6,61,188,0,5
16,General Roca                            ,012,0062 ,0339,322,0,1,4,0,6,75,170,2,5
16,General Roca                            ,012,0062 ,0340,322,12,0,1,2,5,79,173,3,2
16,General Roca                            ,012,0062 ,0341,321,1,9,5,2,6,52,187,2,3
16,General Roca                            ,012,0062 ,0870,345,11,0,0,6,3,87,165,3,2
16,General Roca                            ,012,0062 ,0871,345,0,4,1,2,2,71,185,0,1
16,General Roca                            ,012,0062 ,0872,345,8,2,2,3,6,84,162,2,2
16,General Roca                            ,012,0062 ,0873,345,0,0,2,2,7,80,162,4,1
16,General Roca                            ,012,0062 ,0874,345,3,7,1,2,5,69,168,4,4
16,General Roca                            ,012,0063 ,0342,391,10,17,2,11,33,114,116,9,4
16,General Roca                            ,012,0063 ,0343,391,4,12,3,7,34,118,100,22,8
16,General Roca                            ,012,0063 ,0344,391,4,9,3,8,20,127,106,9,7
16,General Roca                            ,012,0063 ,0345,391,6,12,2,12,18,107,126,12,5
16,General Roca                            ,012,0063 ,0346,391,0,14,3,10,32,113,101,10,12
16,General Roca                            ,012,0063 ,0347,391,2,11,3,7,31,88,133,18,3
16,General Roca                            ,012,0063 ,0348,391,4,13,7,6,35,97,121,8,2
16,General Roca                            ,012,0063 ,0349,391,6,8,3,13,36,82,113,9,9
16,General Roca                            ,012,0063 ,0350,391,4,9,8,7,47,107,117,3,2
16,General Roca                            ,012,0063 ,0351,391,7,12,1,6,30,104,121,11,5
16,General Roca                            ,012,0063 ,0352,391,1,11,1,9,49,112,125,7,6
16,General Roca                            ,012,0063 ,0353,391,4,6,5,6,20,116,129,9,7
16,General Roca                            ,012,0063 ,0354,391,5,13,3,6,25,104,134,11,7
16,General Roca                            ,012,0063 ,0355,391,2,10,7,9,30,116,127,11,9
16,General Roca                            ,012,0063 ,0356,391,3,16,4,12,21,116,139,11,4
16,General Roca                            ,012,0063 ,0357,391,3,9,4,9,28,111,119,12,6
16,General Roca                            ,012,0063 ,0358,391,4,16,3,8,26,116,119,11,6
16,General Roca                            ,012,0063 ,0359,391,4,12,8,12,31,98,99,12,5
16,General Roca                            ,012,0063 ,0360,391,3,9,3,10,28,108,122,12,12
16,General Roca                            ,012,0063 ,0361,391,6,13,4,4,32,115,111,5,8
16,General Roca                            ,012,0063 ,0362,391,5,5,3,18,32,90,128,10,6
16,General Roca                            ,012,0063 ,0363,391,5,9,6,16,32,103,104,10,3
16,General Roca                            ,012,0063 ,0364,391,4,17,3,12,27,108,118,13,5
16,General Roca                            ,012,0063 ,0365,391,2,8,9,5,39,98,106,9,12
16,General Roca                            ,012,0063 ,0366,391,8,7,7,8,39,91,120,12,6
16,General Roca                            ,012,0063 ,0367,391,7,8,1,8,33,109,115,6,2
16,General Roca                            ,012,0063 ,0368,391,5,7,4,7,36,111,109,10,5
16,General Roca                            ,012,0063 ,0369,391,4,10,6,12,28,98,121,12,1
16,General Roca                            ,012,0063 ,0370,391,4,14,4,10,29,104,136,8,8
16,General Roca                            ,012,0063 ,0371,391,2,10,1,15,26,110,115,15,8
16,General Roca                            ,012,0063 ,0372,391,5,11,6,12,32,126,116,3,7
16,General Roca                            ,012,0063 ,0373,391,2,15,3,12,30,103,124,10,7
16,General Roca                            ,012,0063 ,0374,391,6,1,4,15,33,110,112,7,4
16,General Roca                            ,012,0063 ,0375,391,21,0,4,9,24,122,123,8,4
16,General Roca                            ,012,0063 ,0376,391,10,23,3,7,19,111,118,13,13
16,General Roca                            ,012,0063 ,0377,391,3,8,0,4,41,96,119,9,4
16,General Roca                            ,012,0063 ,0378,391,2,15,5,22,7,113,103,19,7
16,General Roca                            ,012,0063 ,0379,391,3,15,3,11,29,113,126,11,7
16,General Roca                            ,012,0063 ,0380,391,4,17,2,12,29,101,122,11,2
16,General Roca                            ,012,0063 ,0381,391,5,14,7,12,31,110,108,16,6
16,General Roca                            ,012,0063 ,0382,391,5,11,3,10,30,109,130,18,5
16,General Roca                            ,012,0063 ,0383,391,1,14,2,12,33,108,128,9,4
16,General Roca                            ,012,0063 ,0384,391,7,14,5,9,23,115,132,17,5
16,General Roca                            ,012,0063 ,0385,391,4,5,5,11,24,116,120,11,5
16,General Roca                            ,012,0063 ,0386,391,7,8,6,10,23,105,134,13,1
16,General Roca                            ,012,0063 ,0387,391,9,10,5,15,17,111,115,16,3
16,General Roca                            ,012,0063 ,0388,391,5,6,1,5,26,89,142,4,7
16,General Roca                            ,012,0063 ,0389,391,4,13,7,7,26,107,120,10,6
16,General Roca                            ,012,0063 ,0390,391,5,11,10,9,29,94,130,7,4
16,General Roca                            ,012,0063 ,0391,391,7,11,4,10,28,122,121,9,3
16,General Roca                            ,012,0063 ,0392,391,3,10,7,9,32,106,134,12,3
16,General Roca                            ,012,0063 ,0393,391,9,12,2,7,28,84,124,26,9
16,General Roca                            ,012,0063 ,0394,391,2,8,10,6,28,112,127,11,6
16,General Roca                            ,012,0063 ,0395,391,4,21,2,8,20,90,127,14,4
16,General Roca                            ,012,0063 ,0396,391,3,8,4,9,21,101,142,19,6
16,General Roca                            ,012,0063 ,0397,391,4,6,4,6,25,122,128,4,7
16,General Roca                            ,012,0063 ,0398,391,4,10,2,11,50,104,123,11,21
16,General Roca                            ,012,0063 ,0399,391,2,11,2,7,35,119,107,8,5
16,General Roca                            ,012,0063 ,0400,391,7,19,1,14,23,98,126,11,5
16,General Roca                            ,012,0063 ,0401,390,2,18,4,8,16,110,134,8,6
16,General Roca                            ,012,0063 ,0402,390,5,8,3,14,46,96,112,5,8
16,General Roca                            ,012,0063 ,0403,390,4,15,4,17,20,104,131,8,6
16,General Roca                            ,012,0063 ,0404,390,4,12,5,6,28,99,124,8,5
16,General Roca                            ,012,0063 ,0405,390,2,13,1,5,45,106,103,16,4
16,General Roca                            ,012,0063 ,0406,390,6,21,4,10,21,110,142,16,5
16,General Roca                            ,012,0063 ,0407,390,2,0,6,9,24,101,133,19,5
16,General Roca                            ,012,0063 ,0408,390,5,12,7,7,27,126,111,14,6
16,General Roca                            ,012,0063 ,0409,390,2,7,5,15,38,88,115,12,3
16,General Roca                            ,012,0063 ,0410,390,4,9,3,18,32,91,135,13,2
16,General Roca                            ,012,0063 ,0411,390,6,13,2,12,33,89,109,14,7
16,General Roca                            ,012,0063 ,0875,394,2,10,5,4,20,109,121,14,5
16,General Roca                            ,012,0063 ,0876,394,6,9,5,6,16,115,94,18,5
16,General Roca                            ,012,0063 ,0877,394,3,9,8,10,14,115,79,28,7
16,General Roca                            ,012,0063 ,0878,394,1,9,11,6,10,85,124,8,2
16,General Roca                            ,012,0063 ,0879,394,1,12,3,6,18,104,107,12,9
16,General Roca                            ,012,0063 ,0880,394,3,13,3,6,29,86,132,14,8
16,General Roca                            ,012,0063 ,0881,394,6,10,2,8,19,110,102,13,2
16,General Roca                            ,012,0063 ,0882,394,5,19,3,4,30,94,100,18,2
16,General Roca                            ,012,0063 ,0883,394,1,17,2,12,27,108,90,17,11
16,General Roca                            ,012,0063 ,0884,394,0,7,7,6,19,104,119,8,8
16,General Roca                            ,012,0063 ,0885,394,4,11,4,8,17,109,116,14,8
16,General Roca                            ,012,0063 ,0886,394,3,12,5,9,15,103,108,12,7
16,General Roca                            ,012,0063 ,0887,394,0,9,10,12,11,115,100,15,2
16,General Roca                            ,012,0063 ,0888,394,4,18,8,11,21,105,101,19,8
16,General Roca                            ,012,0063 ,0889,394,8,11,4,8,16,101,125,14,7
16,General Roca                            ,012,0063 ,0890,394,2,8,7,10,20,99,98,20,7
16,General Roca                            ,012,0063 ,0891,394,3,6,1,6,33,107,93,17,6
16,General Roca                            ,012,0063 ,0892,394,3,6,6,8,16,103,101,22,4
16,General Roca                            ,012,0063 ,0893,394,5,5,1,5,20,110,125,12,5
16,General Roca                            ,012,0063 ,0894,394,2,15,5,9,30,90,107,12,8
16,General Roca                            ,012,0063 ,0895,394,5,10,8,6,21,88,110,21,15
16,General Roca                            ,012,0063 ,0896,394,8,16,3,6,23,104,110,20,9
16,General Roca                            ,012,0063 ,0897,394,4,17,9,4,19,112,107,14,4
16,General Roca                            ,012,0063 ,0898,394,3,11,0,0,33,92,98,20,8
16,General Roca                            ,012,0063 ,0899,394,2,6,7,22,24,91,112,15,9
16,General Roca                            ,012,0063 ,0900,394,8,16,3,7,25,111,99,16,3
16,General Roca                            ,012,0063 ,0901,394,4,0,4,9,22,84,121,20,9
16,General Roca                            ,012,0063 ,0902,394,2,7,7,7,17,99,119,16,5
16,General Roca                            ,012,0063 ,0903,394,1,5,7,7,23,115,106,25,3
16,General Roca                            ,012,0063 ,0904,394,3,11,4,7,21,98,0,10,9
16,General Roca                            ,012,0063 ,0905,394,2,7,9,4,12,106,116,18,5
16,General Roca                            ,012,0063 ,0906,394,6,9,6,7,23,105,102,15,6
16,General Roca                            ,012,0063 ,0907,394,2,14,5,8,17,117,100,18,8
16,General Roca                            ,012,0063 ,0908,394,0,7,6,19,20,103,97,20,3
16,General Roca                            ,012,0063 ,0909,394,2,11,3,8,0,93,109,7,6
16,General Roca                            ,012,0063 ,0910,394,6,14,4,13,18,92,110,24,5
16,General Roca                            ,012,0063 ,0911,394,5,10,5,10,23,100,101,18,4
16,General Roca                            ,012,0063 ,0912,394,5,14,10,4,20,125,94,13,6
16,General Roca                            ,012,0063 ,0913,394,1,16,5,7,14,101,100,28,7
16,General Roca                            ,012,0063 ,0914,394,3,16,5,5,20,92,110,11,3
16,General Roca                            ,012,0063 ,0915,394,4,9,7,7,15,117,98,20,6
16,General Roca                            ,012,0063 ,0916,394,2,12,5,5,20,94,123,15,7
16,General Roca                            ,012,0063 ,0917,394,2,10,8,12,18,107,117,18,5
16,General Roca                            ,012,0063 ,0918,394,6,15,0,4,14,103,125,13,7
16,General Roca                            ,012,0063 ,0919,394,2,11,4,8,10,116,118,15,9
16,General Roca                            ,012,0063 ,0920,394,2,14,6,7,18,106,107,22,8
16,General Roca                            ,012,0063 ,0921,394,4,7,11,11,22,104,107,13,5
16,General Roca                            ,012,0063 ,0922,394,6,5,5,9,22,105,96,16,10
16,General Roca                            ,012,0063 ,0923,394,3,13,9,8,16,94,97,17,7
16,General Roca                            ,012,0063 ,0924,394,10,7,4,4,23,99,101,20,8
16,General Roca                            ,012,0063 ,0925,394,2,17,3,9,19,112,117,15,7
16,General Roca                            ,012,0063 ,0926,394,6,13,4,14,9,97,104,20,2
16,General Roca                            ,012,0063 ,0927,394,6,4,2,6,26,115,100,20,5
16,General Roca                            ,012,0063 ,0928,393,3,9,4,6,20,106,107,11,8
16,General Roca                            ,012,0063 ,0929,393,5,12,4,4,21,110,105,19,2
16,General Roca                            ,012,0063 ,0930,393,3,13,4,9,25,83,133,13,3
16,General Roca                            ,012,0063 ,0931,393,8,9,5,5,20,79,118,22,4
16,General Roca                            ,012,0063 ,0932,393,5,5,4,10,29,101,97,10,10
16,General Roca                            ,012,0063 ,0933,393,3,12,1,10,17,108,121,13,5
16,General Roca                            ,012,0063 ,0934,393,7,10,8,6,20,104,102,18,7
16,General Roca                            ,012,0063 ,0935,393,10,9,3,7,22,116,95,12,5
16,General Roca                            ,012,0063 ,0936,393,5,9,9,6,17,115,134,8,1
16,General Roca                            ,012,0063 ,0937,393,8,10,8,8,12,114,108,16,6
16,General Roca                            ,012,0063 ,0938,393,2,6,3,10,16,107,122,22,4
16,General Roca                            ,012,0063 ,0939,393,3,10,2,5,20,123,87,22,3
16,General Roca                            ,012,0063 ,0940,393,6,12,6,7,27,90,108,12,5
16,General Roca                            ,012,0064 ,0412,379,0,17,3,5,14,103,125,4,24
16,General Roca                            ,012,0064 ,0413,379,6,14,4,3,21,90,128,6,17
16,General Roca                            ,012,0064 ,0414,379,4,10,2,8,22,108,130,4,12
16,General Roca                            ,012,0064 ,0415,379,4,15,3,8,16,104,141,2,12
16,General Roca                            ,012,0064 ,0416,379,3,25,5,4,24,92,134,3,10
16,General Roca                            ,012,0064 ,0417,379,2,16,9,9,15,97,130,3,14
16,General Roca                            ,012,0064 ,0418,379,1,21,5,7,14,98,137,3,10
16,General Roca                            ,012,0064 ,0419,379,1,20,6,10,16,105,125,5,18
16,General Roca                            ,012,0064 ,0420,379,5,18,3,11,17,81,144,4,12
16,General Roca                            ,012,0064 ,0421,379,7,17,3,5,5,109,149,0,12
16,General Roca                            ,012,0064 ,0422,379,4,12,1,10,19,100,137,6,10
16,General Roca                            ,012,0064 ,0423,379,4,25,2,9,20,112,127,4,11
16,General Roca                            ,012,0064 ,0424,379,8,0,4,7,16,113,139,3,10
16,General Roca                            ,012,0064 ,0425,379,3,17,5,6,16,120,118,2,22
16,General Roca                            ,012,0064 ,0426,378,1,17,3,4,16,97,139,2,21
16,General Roca                            ,012,0064 ,0427,378,8,23,4,5,10,116,111,4,14
16,General Roca                            ,012,0064 ,0428,378,6,15,2,6,18,104,143,1,10
16,General Roca                            ,012,0064 ,0429,378,4,12,7,5,18,108,125,3,15
16,General Roca                            ,012,0064 ,0430,378,4,20,4,4,21,121,111,5,17
16,General Roca                            ,012,0064 ,0431,378,5,21,8,6,14,92,143,2,16
16,General Roca                            ,012,0064 ,0941,390,10,11,4,4,10,104,118,6,13
16,General Roca                            ,012,0064 ,0942,390,9,19,2,5,16,87,127,3,13
16,General Roca                            ,012,0064 ,0943,390,7,16,7,7,6,106,119,4,13
16,General Roca                            ,012,0064 ,0944,390,9,18,3,9,9,104,129,6,12
16,General Roca                            ,012,0064 ,0945,389,4,11,4,7,12,110,113,2,9
16,General Roca                            ,012,0064 ,0946,389,7,22,4,7,16,99,128,3,11
16,General Roca                            ,012,0064 ,0947,389,2,16,10,10,12,120,105,2,18
16,General Roca                            ,012,0064 ,0948,389,15,0,6,15,6,94,138,5,7
16,General Roca                            ,012,0064 ,0949,389,6,17,2,5,17,110,122,4,9
16,General Roca                            ,012,0064 ,0950,389,5,18,10,9,7,106,107,1,11
16,General Roca                            ,012,0064 ,0951,389,4,15,6,4,7,116,118,3,7
16,General Roca                            ,012,0064 ,0952,389,3,12,5,10,14,95,132,2,11
16,General Roca                            ,012,0064 ,0953,389,3,6,6,6,10,97,145,2,16
16,General Roca                            ,012,0064 ,0954,389,5,14,2,4,10,108,114,2,18
16,General Roca                            ,012,0064 ,0955,389,9,25,5,8,10,102,104,6,6
16,General Roca                            ,012,0064 ,0956,389,4,18,4,8,14,109,132,6,13
16,General Roca                            ,012,0064 ,0957,389,7,12,4,0,0,102,136,6,8
16,General Roca                            ,012,0064 ,0958,389,1,16,4,12,12,101,126,9,14
16,General Roca                            ,012,0064 ,0959,389,6,17,7,2,0,111,118,8,14
16,General Roca                            ,012,0065 ,0432,394,6,11,5,10,17,179,91,1,2
16,General Roca                            ,012,0065 ,0433,394,5,16,5,6,24,188,60,4,5
16,General Roca                            ,012,0065 ,0434,394,15,0,8,11,21,177,84,3,2
16,General Roca                            ,012,0065 ,0435,394,3,15,4,8,27,172,80,3,4
16,General Roca                            ,012,0065 ,0436,394,7,8,7,6,25,177,75,1,4
16,General Roca                            ,012,0065 ,0437,394,4,13,6,9,16,163,75,6,6
16,General Roca                            ,012,0065 ,0438,394,4,13,4,14,28,157,67,5,8
16,General Roca                            ,012,0065 ,0439,393,6,13,4,12,21,180,73,4,2
16,General Roca                            ,012,0065 ,0440,393,6,16,2,10,19,159,97,3,1
16,General Roca                            ,012,0065 ,0441,393,5,17,0,7,15,176,85,2,6
16,General Roca                            ,012,0065 ,0442,393,4,18,10,9,27,156,88,4,2
16,General Roca                            ,012,0065 ,0443,393,3,6,5,12,29,172,72,6,5
16,General Roca                            ,012,0065 ,0444,393,2,11,3,24,25,161,97,3,5
16,General Roca                            ,012,0065 ,0445,393,7,11,1,15,20,153,78,3,7
16,General Roca                            ,012,0065 ,0446,393,21,0,4,11,19,160,79,2,3
16,General Roca                            ,012,0065 ,0447,393,4,11,7,4,9,181,90,4,2
16,General Roca                            ,012,0065 ,0448,393,14,0,2,17,23,173,63,2,9
16,General Roca                            ,012,0065 ,0449,393,2,11,4,8,21,155,83,5,2
16,General Roca                            ,012,0065 ,0450,393,4,11,7,9,15,160,80,5,3
16,General Roca                            ,012,0065 ,0451,393,7,9,2,17,15,146,69,11,9
16,General Roca                            ,012,0065 ,0452,393,4,17,1,8,11,175,83,5,5
16,General Roca                            ,012,0065 ,0453,393,3,8,6,10,15,160,99,1,8
16,General Roca                            ,012,0065 ,0454,393,7,21,8,9,16,172,81,2,3
16,General Roca                            ,012,0065 ,0455,393,8,6,9,2,25,184,77,0,6
16,General Roca                            ,012,0065 ,0456,393,5,14,8,11,16,170,78,5,7
16,General Roca                            ,012,0065 ,0457,393,4,12,2,8,31,157,86,2,4
16,General Roca                            ,012,0065 ,0458,393,3,16,3,9,13,166,82,5,6
16,General Roca                            ,012,0065 ,0459,393,3,19,9,12,16,171,79,3,3
16,General Roca                            ,012,0065 ,0460,393,5,12,5,7,26,156,76,5,5
16,General Roca                            ,012,0065 ,0461,393,4,18,3,7,18,159,98,3,6
16,General Roca                            ,012,0065 ,0462,393,2,15,5,12,17,159,93,1,6
16,General Roca                            ,012,0065 ,0463,393,7,15,6,15,17,191,72,1,3
16,General Roca                            ,012,0065 ,0464,393,5,8,3,14,22,162,86,2,4
16,General Roca                            ,012,0065 ,0465,393,4,12,4,10,15,178,88,1,1
16,General Roca                            ,012,0065 ,0466,393,5,18,6,8,13,171,94,4,2
16,General Roca                            ,012,0065 ,0467,393,1,16,6,22,13,160,82,4,3
16,General Roca                            ,012,0065 ,0468,393,5,17,10,9,14,156,84,5,3
16,General Roca                            ,012,0065 ,0469,393,5,21,7,10,24,168,83,2,7
16,General Roca                            ,012,0065 ,0470,393,2,17,6,13,21,164,69,3,4
16,General Roca                            ,012,0065 ,0471,393,5,17,0,8,22,184,71,3,5
16,General Roca                            ,012,0065 ,0472,393,6,15,4,6,25,168,89,1,5
16,General Roca                            ,012,0065 ,0473,393,4,24,3,17,17,164,96,5,4
16,General Roca                            ,012,0065 ,0474,393,4,16,8,14,20,174,71,0,3
16,General Roca                            ,012,0065 ,0475,393,5,12,11,5,11,176,89,5,6
16,General Roca                            ,012,0065 ,0476,393,4,11,8,9,20,165,87,2,7
16,General Roca                            ,012,0065 ,0477,393,10,14,3,9,26,164,78,3,2
16,General Roca                            ,012,0065 ,0478,393,1,18,2,22,17,180,76,5,5
16,General Roca                            ,012,0065 ,0479,393,7,11,4,11,14,167,79,1,5
16,General Roca                            ,012,0065 ,0480,393,4,16,8,12,14,167,91,2,5
16,General Roca                            ,012,0065 ,0481,393,4,7,7,13,17,171,92,6,7
16,General Roca                            ,012,0065 ,0482,393,4,15,3,11,25,162,72,1,7
16,General Roca                            ,012,0065 ,0483,393,1,17,5,6,16,170,92,1,1
16,General Roca                            ,012,0065 ,0484,393,8,18,4,8,16,184,78,2,2
16,General Roca                            ,012,0065 ,0485,393,3,16,6,13,19,154,103,8,6
16,General Roca                            ,012,0065 ,0486,393,4,22,4,14,20,157,84,6,2
16,General Roca                            ,012,0065 ,0487,393,4,9,5,4,21,167,85,4,3
16,General Roca                            ,012,0065 ,0960,395,4,19,5,14,12,156,72,5,4
16,General Roca                            ,012,0065 ,0961,395,5,17,3,10,18,172,64,2,2
16,General Roca                            ,012,0065 ,0962,395,9,9,3,4,7,172,79,1,6
16,General Roca                            ,012,0065 ,0963,395,9,21,11,4,14,156,68,1,0
16,General Roca                            ,012,0065 ,0964,394,3,9,8,10,23,162,56,1,5
16,General Roca                            ,012,0065 ,0965,394,6,25,14,8,12,159,67,2,9
16,General Roca                            ,012,0065 ,0966,394,4,12,7,8,20,160,67,0,3
16,General Roca                            ,012,0065 ,0967,394,4,10,12,8,13,164,65,2,4
16,General Roca                            ,012,0065 ,0968,394,6,7,10,6,16,165,75,6,2
16,General Roca                            ,012,0065 ,0969,394,4,15,9,6,11,161,74,2,3
16,General Roca                            ,012,0065 ,0970,394,7,8,5,7,11,162,88,4,10
16,General Roca                            ,012,0065 ,0971,394,4,16,3,13,10,164,69,3,5
16,General Roca                            ,012,0065 ,0972,394,7,13,5,11,25,143,67,7,2
16,General Roca                            ,012,0065 ,0973,394,2,17,5,11,21,147,78,2,1
16,General Roca                            ,012,0065 ,0974,394,6,14,4,12,20,167,64,4,3
16,General Roca                            ,012,0065 ,0975,394,8,7,6,16,24,167,67,7,6
16,General Roca                            ,012,0065 ,0976,394,7,5,5,12,11,161,72,4,6
16,General Roca                            ,012,0065 ,0977,394,4,12,3,9,6,167,75,4,4
16,General Roca                            ,012,0065 ,0978,394,5,15,5,9,9,147,65,3,5
16,General Roca                            ,012,0065 ,0979,394,4,9,7,12,13,143,93,2,3
16,General Roca                            ,012,0065 ,0980,394,5,12,6,11,18,138,90,6,3
16,General Roca                            ,012,0065 ,0981,394,2,22,13,8,11,157,68,3,6
16,General Roca                            ,012,0065 ,0982,394,3,13,4,9,10,179,73,1,4
16,General Roca                            ,012,0065 ,0983,394,6,15,4,15,6,176,65,2,7
16,General Roca                            ,012,0065 ,0984,394,6,17,6,14,14,140,70,4,5
16,General Roca                            ,012,0065 ,0985,394,5,19,4,6,15,158,59,5,7
16,General Roca                            ,012,0065 ,0986,394,10,15,4,5,17,155,79,3,3
16,General Roca                            ,012,0065 ,0987,394,11,16,5,9,14,147,66,5,2
16,General Roca                            ,012,0065 ,0988,394,10,17,2,13,19,150,65,5,3
16,General Roca                            ,012,0065 ,0989,394,6,17,5,6,14,182,78,2,6
16,General Roca                            ,012,0065 ,0990,394,9,19,8,10,14,166,65,1,4
16,General Roca                            ,012,0065 ,0991,394,5,10,7,2,8,176,74,3,3
16,General Roca                            ,012,0065 ,0992,394,2,15,10,5,14,175,66,2,1
16,General Roca                            ,012,0065 ,0993,394,8,16,8,10,8,160,80,2,6
16,General Roca                            ,012,0065 ,0994,394,4,16,5,2,11,162,71,6,2
16,General Roca                            ,012,0065 ,0995,394,4,12,4,9,18,153,89,5,3
16,General Roca                            ,012,0065 ,0996,394,7,8,6,12,14,174,69,3,3
16,General Roca                            ,012,0065 ,0997,394,1,9,6,13,18,185,65,3,5
16,General Roca                            ,012,0065 ,0998,394,10,15,7,10,23,155,80,1,4
16,General Roca                            ,012,0065 ,0999,394,5,20,5,11,13,156,69,5,3
16,General Roca                            ,012,0065 ,1000,394,9,12,11,13,18,156,60,10,3
16,General Roca                            ,012,0065 ,1001,394,5,13,9,9,15,165,63,3,8
16,General Roca                            ,012,0065 ,1002,394,5,12,4,6,16,161,82,1,5
16,General Roca                            ,012,0065 ,1003,394,3,20,5,5,16,172,67,3,3
16,General Roca                            ,012,0065 ,1004,394,6,17,4,6,6,173,78,3,7
16,General Roca                            ,012,0065 ,1005,394,7,13,3,5,19,143,75,8,4
16,General Roca                            ,012,0065 ,1006,394,2,15,8,5,22,162,88,2,3
16,General Roca                            ,012,0065 ,1007,394,8,14,9,13,15,178,67,2,4
16,General Roca                            ,012,0065 ,1008,394,4,16,5,7,12,188,63,8,3
16,General Roca                            ,012,0065 ,1009,394,2,21,5,10,9,177,81,3,2
16,General Roca                            ,012,0065 ,1010,394,6,8,13,10,13,163,66,6,4
16,General Roca                            ,012,0065 ,1011,394,7,9,9,13,14,136,89,6,2
16,General Roca                            ,012,0065 ,1012,394,7,8,5,16,14,167,65,3,4
16,General Roca                            ,012,0066 ,0488,386,9,20,4,19,23,110,114,4,12
16,General Roca                            ,012,0066 ,0489,386,4,22,3,20,21,129,88,6,12
16,General Roca                            ,012,0066 ,0490,386,4,18,11,14,15,111,99,8,7
16,General Roca                            ,012,0066 ,0491,386,7,25,7,28,20,104,100,10,13
16,General Roca                            ,012,0066 ,0492,386,8,16,3,19,21,106,106,9,10
16,General Roca                            ,012,0066 ,0493,386,3,15,8,29,25,97,112,1,4
16,General Roca                            ,012,0066 ,0494,386,6,15,10,24,25,130,74,9,4
16,General Roca                            ,012,0066 ,0495,386,4,24,9,19,17,106,109,5,9
16,General Roca                            ,012,0066 ,0496,386,4,22,2,26,23,122,99,5,5
16,General Roca                            ,012,0066 ,0497,385,3,16,11,16,23,139,93,3,7
16,General Roca                            ,012,0066 ,0498,385,7,28,2,18,19,103,93,6,6
16,General Roca                            ,012,0066 ,0499,385,5,12,7,15,25,132,98,9,4
16,General Roca                            ,012,0066 ,0500,385,5,21,4,11,14,120,104,12,8
16,General Roca                            ,012,0066 ,0501,385,10,18,7,26,12,114,102,3,5
16,General Roca                            ,012,0066 ,0502,385,5,23,8,19,22,113,78,7,9
16,General Roca                            ,012,0066 ,0503,385,1,26,7,21,15,110,106,8,11
16,General Roca                            ,012,0066 ,0504,385,6,16,7,22,31,118,94,6,7
16,General Roca                            ,012,0066 ,0505,385,4,21,6,13,33,138,93,6,5
16,General Roca                            ,012,0066 ,1013,382,9,12,6,25,11,111,101,4,6
16,General Roca                            ,012,0066 ,1014,382,8,19,5,31,24,108,79,5,3
16,General Roca                            ,012,0066 ,1015,382,1,21,9,20,10,120,82,5,4
16,General Roca                            ,012,0066 ,1016,382,8,12,4,31,13,96,102,10,4
16,General Roca                            ,012,0066 ,1017,382,5,16,7,17,18,102,101,6,4
16,General Roca                            ,012,0066 ,1018,382,5,10,4,22,9,113,88,7,3
16,General Roca                            ,012,0066 ,1019,382,8,6,7,22,20,114,84,11,10
16,General Roca                            ,012,0066 ,1020,382,4,16,7,21,12,118,88,4,11
16,General Roca                            ,012,0066 ,1021,382,10,15,4,27,15,99,96,6,11
16,General Roca                            ,012,0066 ,1022,382,9,18,4,14,15,105,97,4,10
16,General Roca                            ,012,0066 ,1023,382,8,17,13,33,7,98,88,7,8
16,General Roca                            ,012,0066 ,1024,381,4,15,7,18,23,111,93,3,7
16,General Roca                            ,012,0066 ,1025,381,4,16,12,26,10,111,84,3,3
16,General Roca                            ,012,0066 ,1026,381,3,26,3,17,12,92,89,8,5
16,General Roca                            ,012,0066 ,1027,381,3,20,8,21,6,123,78,9,5
16,General Roca                            ,012,0066 ,1028,381,3,24,17,17,10,117,76,14,11
16,General Roca                            ,012,0066 ,1029,381,5,20,6,28,14,109,78,10,8
16,General Roca                            ,012,0067 ,0506,236,4,7,1,3,4,101,62,2,1
16,General Roca                            ,012,0067 ,0507,235,1,7,3,0,0,114,56,2,0
16,General Roca                            ,012,0067 ,1030,302,3,11,3,0,11,110,76,5,5
16,General Roca                            ,012,0067 ,1031,301,0,0,1,0,1,143,67,2,5
16,General Roca                            ,012,0068 ,0508,335,7,14,4,0,7,157,80,0,6
16,General Roca                            ,012,0068 ,0509,334,6,10,3,0,3,163,93,3,5
16,General Roca                            ,012,0068 ,0510,334,2,15,0,0,11,142,102,3,11
16,General Roca                            ,012,0068 ,1032,301,3,10,2,0,6,130,74,1,1
16,General Roca                            ,012,0068 ,1033,301,6,9,9,0,4,124,71,0,7
16,General Roca                            ,012,0068 ,1034,300,4,10,4,0,4,130,73,1,8
16,General Roca                            ,012,0068 ,1035,300,3,8,5,0,7,135,67,2,8
16,General Roca                            ,012,0068B,0511,295,3,7,2,7,5,158,61,0,1
16,General Roca                            ,012,0068B,1036,374,5,4,1,4,4,212,64,4,9
16,General Roca                            ,012,0069 ,0512,376,7,14,3,5,12,93,157,5,10
16,General Roca                            ,012,0069 ,0513,376,3,15,5,2,12,122,122,4,11
16,General Roca                            ,012,0069 ,0514,376,12,12,1,8,14,118,127,2,10
16,General Roca                            ,012,0069 ,0515,375,2,13,6,7,17,98,125,5,6
16,General Roca                            ,012,0069 ,0516,375,3,8,5,7,8,110,134,2,13
16,General Roca                            ,012,0069 ,0517,375,3,14,2,8,12,102,140,4,7
16,General Roca                            ,012,0069 ,0518,375,8,10,6,8,18,101,148,6,8
16,General Roca                            ,012,0069 ,0519,375,8,14,5,4,11,108,122,2,12
16,General Roca                            ,012,0069 ,0520,375,5,17,4,5,10,99,131,3,13
16,General Roca                            ,012,0069 ,0521,375,8,18,10,9,9,128,100,0,10
16,General Roca                            ,012,0069 ,0522,375,2,11,1,3,11,92,150,7,10
16,General Roca                            ,012,0069 ,0523,375,9,14,2,5,11,96,139,6,9
16,General Roca                            ,012,0069 ,0524,375,6,7,10,8,14,103,141,0,10
16,General Roca                            ,012,0069 ,1037,374,23,0,5,9,2,99,109,5,7
16,General Roca                            ,012,0069 ,1038,374,2,13,4,3,9,96,123,4,16
16,General Roca                            ,012,0069 ,1039,374,4,11,5,7,6,96,122,6,7
16,General Roca                            ,012,0069 ,1040,373,3,17,3,6,11,107,122,8,6
16,General Roca                            ,012,0069 ,1041,373,8,12,2,2,12,113,114,5,7
16,General Roca                            ,012,0069 ,1042,373,8,11,6,4,12,117,99,2,4
16,General Roca                            ,012,0069 ,1043,373,2,14,8,5,8,104,94,2,14
16,General Roca                            ,012,0069 ,1044,373,7,8,7,7,9,103,115,5,7
16,General Roca                            ,012,0069 ,1045,373,5,15,6,3,10,104,96,5,15
16,General Roca                            ,012,0069 ,1046,373,4,14,11,6,10,106,95,3,9
16,General Roca                            ,012,0069 ,1047,373,3,6,7,3,7,114,124,7,12
16,General Roca                            ,012,0069 ,1048,373,5,5,8,7,11,87,114,11,13
16,General Roca                            ,012,0069 ,1049,373,0,30,4,5,7,122,100,2,9
16,General Roca                            ,012,0069 ,1050,373,9,9,9,5,5,111,121,4,8
16,General Roca                            ,012,0069A,1051,175,4,1,0,3,1,40,76,1,1
16,General Roca                            ,012,0070 ,0526,340,4,13,7,10,24,115,88,1,9
16,General Roca                            ,012,0070 ,0527,340,10,17,8,4,15,104,118,3,3
16,General Roca                            ,012,0070 ,0528,339,5,14,7,2,15,101,122,6,2
16,General Roca                            ,012,0070 ,0529,339,2,13,2,7,13,108,118,2,6
16,General Roca                            ,012,0070 ,0530,339,5,17,3,5,24,89,120,2,5
16,General Roca                            ,012,0070 ,0531,339,4,12,2,4,14,118,110,1,11
16,General Roca                            ,012,0070 ,1052,358,5,7,9,7,16,119,102,1,7
16,General Roca                            ,012,0070 ,1053,358,8,11,4,3,12,106,119,4,5
16,General Roca                            ,012,0070 ,1054,358,4,14,3,8,18,103,105,4,7
16,General Roca                            ,012,0070 ,1055,358,9,12,3,9,19,103,119,1,6
16,General Roca                            ,012,0070 ,1056,358,8,16,6,3,10,99,133,3,1
16,General Roca                            ,012,0070 ,1057,357,5,14,3,4,10,127,101,5,8
16,El Cuy                                  ,013,0071 ,0532,197,2,3,2,2,2,73,59,1,14
16,El Cuy                                  ,013,0071 ,1058,327,2,1,2,2,1,107,73,2,16
16,El Cuy                                  ,013,0071A,0533,180,0,1,1,4,1,33,113,1,9
16,El Cuy                                  ,013,0071A,1059,213,3,5,1,1,0,35,125,4,6
16,El Cuy                                  ,013,0072 ,0534,188,4,2,1,3,4,21,61,3,2
16,El Cuy                                  ,013,0072 ,1060,336,3,6,4,9,6,74,84,4,3
16,El Cuy                                  ,013,0073 ,0535,80,0,0,0,0,0,0,0,0,0
16,El Cuy                                  ,013,0073 ,1061,189,2,2,2,7,3,37,85,2,4
16,El Cuy                                  ,013,0074 ,0536,235,0,2,0,3,0,46,95,2,4
16,El Cuy                                  ,013,0074 ,1062,214,0,0,1,1,0,47,72,4,1
16,El Cuy                                  ,013,0074 ,1063,213,1,0,3,2,1,32,68,1,6
16,El Cuy                                  ,013,0075 ,1064,149,1,1,1,0,3,41,59,1,6
